,1,2,3,4,5,6,7,8,9,10,11,12,13,14,15,16,17,18,19,20,21,22,23,24,25,26,27,28,29,30,31,32,33,34,35,36,37,38,39,40,41,42,43,44,45,46,47,48,49,50,51,52,53,54,55,56,57,58,59,60,61,62,63,64,65,66,67,68,69,70,71,72,73,74,75,76,77,78,79,80,81,82,83,84,85,86,87,88,89,90,91,92,93,94,95,96,97,98,99,100,101,102,103,104,105,106,107,108,109,110,111,112,113,114,115,116,117,118,119,120,121,122,123,124,125,126,127,128,129,130,131,132,133,134,135,136,137,138,139,140,141,142,143,144,145,146,147,148,149,150,151,152,153,154,155,156,157,158,159,160,161,162,163,164,165,166,167,168,169,170,171,172,173,174,175,176,177,178,179,180,181,182,183,184,185,186,187,188,189,190,191,192,193,194,195,196,197,198,199,200
timestamp_ms,1732711751000,1732711751100,1732711751200,1732711751300,1732711751400,1732711751500,1732711751600,1732711751700,1732711751800,1732711751900,1732711752000,1732711752100,1732711752200,1732711752300,1732711752400,1732711752500,1732711752600,1732711752700,1732711752800,1732711752900,1732711753000,1732711753100,1732711753200,1732711753300,1732711753400,1732711753500,1732711753600,1732711753700,1732711753800,1732711753900,1732711754000,1732711754100,1732711754200,1732711754300,1732711754400,1732711754500,1732711754600,1732711754700,1732711754800,1732711754900,1732711755000,1732711755100,1732711755200,1732711755300,1732711755400,1732711755500,1732711755600,1732711755700,1732711755800,1732711755900,1732711756000,1732711756100,1732711756200,1732711756300,1732711756400,1732711756500,1732711756600,1732711756700,1732711756800,1732711756900,1732711757000,1732711757100,1732711757200,1732711757300,1732711757400,1732711757500,1732711757600,1732711757700,1732711757800,1732711757900,1732711758000,1732711758100,1732711758200,1732711758300,1732711758400,1732711758500,1732711758600,1732711758700,1732711758800,1732711758900,1732711759000,1732711759100,1732711759200,1732711759300,1732711759400,1732711759500,1732711759600,1732711759700,1732711759800,1732711759900,1732711760000,1732711760100,1732711760200,1732711760300,1732711760400,1732711760500,1732711760600,1732711760700,1732711760800,1732711760900,1732711761000,1732711761100,1732711761200,1732711761300,1732711761400,1732711761500,1732711761600,1732711761700,1732711761800,1732711761900,1732711762000,1732711762100,1732711762200,1732711762300,1732711762400,1732711762500,1732711762600,1732711762700,1732711762800,1732711762900,1732711763000,1732711763100,1732711763200,1732711763300,1732711763400,1732711763500,1732711763600,1732711763700,1732711763800,1732711763900,1732711764000,1732711764100,1732711764200,1732711764300,1732711764400,1732711764500,1732711764600,1732711764700,1732711764800,1732711764900,1732711765000,1732711765100,1732711765200,1732711765300,1732711765400,1732711765500,1732711765600,1732711765700,1732711765800,1732711765900,1732711766000,1732711766100,1732711766200,1732711766300,1732711766400,1732711766500,1732711766600,1732711766700,1732711766800,1732711766900,1732711767000,1732711767100,1732711767200,1732711767300,1732711767400,1732711767500,1732711767600,1732711767700,1732711767800,1732711767900,1732711768000,1732711768100,1732711768200,1732711768300,1732711768400,1732711768500,1732711768600,1732711768700,1732711768800,1732711768900,1732711769000,1732711769100,1732711769200,1732711769300,1732711769400,1732711769500,1732711769600,1732711769700,1732711769800,1732711769900,1732711770000,1732711770100,1732711770200,1732711770300,1732711770400,1732711770500,1732711770600,1732711770700,1732711770800,1732711770900
vehicle1_back_left_camera,1732711751019.jpg,1732711751119.jpg,1732711751219.jpg,1732711751319.jpg,1732711751419.jpg,1732711751519.jpg,1732711751619.jpg,1732711751719.jpg,1732711751819.jpg,1732711751919.jpg,1732711752019.jpg,1732711752119.jpg,1732711752219.jpg,1732711752319.jpg,1732711752419.jpg,1732711752519.jpg,1732711752619.jpg,1732711752719.jpg,1732711752819.jpg,1732711752919.jpg,1732711753019.jpg,1732711753119.jpg,1732711753219.jpg,1732711753319.jpg,1732711753420.jpg,1732711753519.jpg,1732711753619.jpg,1732711753719.jpg,1732711753819.jpg,1732711753919.jpg,1732711754019.jpg,1732711754119.jpg,1732711754219.jpg,1732711754319.jpg,1732711754420.jpg,1732711754519.jpg,1732711754619.jpg,1732711754719.jpg,1732711754819.jpg,1732711754919.jpg,1732711755019.jpg,1732711755119.jpg,1732711755219.jpg,1732711755319.jpg,1732711755419.jpg,1732711755519.jpg,1732711755619.jpg,1732711755719.jpg,1732711755819.jpg,1732711755919.jpg,1732711756019.jpg,1732711756119.jpg,1732711756219.jpg,1732711756319.jpg,1732711756419.jpg,1732711756519.jpg,1732711756619.jpg,1732711756719.jpg,1732711756819.jpg,1732711756919.jpg,1732711757019.jpg,1732711757119.jpg,1732711757219.jpg,1732711757319.jpg,1732711757419.jpg,1732711757520.jpg,1732711757619.jpg,1732711757719.jpg,1732711757819.jpg,1732711757919.jpg,1732711758019.jpg,1732711758119.jpg,1732711758219.jpg,1732711758319.jpg,1732711758419.jpg,1732711758519.jpg,1732711758619.jpg,1732711758719.jpg,1732711758819.jpg,1732711758919.jpg,1732711759019.jpg,1732711759119.jpg,1732711759219.jpg,1732711759319.jpg,1732711759419.jpg,1732711759519.jpg,1732711759619.jpg,1732711759719.jpg,1732711759819.jpg,1732711759919.jpg,1732711760019.jpg,1732711760119.jpg,1732711760219.jpg,1732711760319.jpg,1732711760419.jpg,1732711760519.jpg,1732711760619.jpg,1732711760719.jpg,1732711760819.jpg,1732711760919.jpg,1732711761019.jpg,1732711761119.jpg,1732711761219.jpg,1732711761319.jpg,1732711761420.jpg,1732711761519.jpg,1732711761619.jpg,1732711761719.jpg,1732711761819.jpg,1732711761919.jpg,1732711762019.jpg,1732711762119.jpg,1732711762219.jpg,1732711762319.jpg,1732711762419.jpg,1732711762519.jpg,1732711762619.jpg,1732711762719.jpg,1732711762819.jpg,1732711762919.jpg,1732711763019.jpg,1732711763119.jpg,1732711763219.jpg,1732711763319.jpg,1732711763419.jpg,1732711763519.jpg,1732711763619.jpg,1732711763719.jpg,1732711763819.jpg,1732711763919.jpg,1732711764019.jpg,1732711764119.jpg,1732711764219.jpg,1732711764319.jpg,1732711764419.jpg,1732711764519.jpg,1732711764619.jpg,1732711764719.jpg,1732711764819.jpg,1732711764919.jpg,1732711765019.jpg,1732711765119.jpg,1732711765219.jpg,1732711765319.jpg,1732711765419.jpg,1732711765519.jpg,1732711765619.jpg,1732711765719.jpg,1732711765819.jpg,1732711765919.jpg,1732711766019.jpg,1732711766119.jpg,1732711766219.jpg,1732711766319.jpg,1732711766419.jpg,1732711766519.jpg,1732711766619.jpg,1732711766719.jpg,1732711766819.jpg,1732711766919.jpg,1732711767019.jpg,1732711767119.jpg,1732711767219.jpg,1732711767319.jpg,1732711767419.jpg,1732711767519.jpg,1732711767619.jpg,1732711767719.jpg,1732711767819.jpg,1732711767919.jpg,1732711768019.jpg,1732711768119.jpg,1732711768219.jpg,1732711768319.jpg,1732711768419.jpg,1732711768519.jpg,1732711768619.jpg,1732711768719.jpg,1732711768819.jpg,1732711768919.jpg,1732711769019.jpg,1732711769119.jpg,1732711769219.jpg,1732711769319.jpg,1732711769419.jpg,1732711769519.jpg,1732711769619.jpg,1732711769719.jpg,1732711769819.jpg,1732711769919.jpg,1732711770019.jpg,1732711770119.jpg,1732711770219.jpg,1732711770319.jpg,1732711770419.jpg,1732711770519.jpg,1732711770619.jpg,1732711770719.jpg,1732711770819.jpg,1732711770919.jpg
vehicle1_left_camera,1732711751024.jpg,1732711751124.jpg,1732711751224.jpg,1732711751324.jpg,1732711751424.jpg,1732711751524.jpg,1732711751624.jpg,1732711751724.jpg,1732711751824.jpg,1732711751924.jpg,1732711752024.jpg,1732711752124.jpg,1732711752224.jpg,1732711752324.jpg,1732711752424.jpg,1732711752524.jpg,1732711752624.jpg,1732711752724.jpg,1732711752824.jpg,1732711752924.jpg,1732711753024.jpg,1732711753124.jpg,1732711753224.jpg,1732711753324.jpg,1732711753425.jpg,1732711753524.jpg,1732711753624.jpg,1732711753724.jpg,1732711753824.jpg,1732711753924.jpg,1732711754024.jpg,1732711754124.jpg,1732711754224.jpg,1732711754324.jpg,1732711754425.jpg,1732711754524.jpg,1732711754624.jpg,1732711754724.jpg,1732711754824.jpg,1732711754924.jpg,1732711755024.jpg,1732711755124.jpg,1732711755224.jpg,1732711755324.jpg,1732711755424.jpg,1732711755524.jpg,1732711755624.jpg,1732711755724.jpg,1732711755824.jpg,1732711755924.jpg,1732711756024.jpg,1732711756124.jpg,1732711756224.jpg,1732711756324.jpg,1732711756424.jpg,1732711756524.jpg,1732711756624.jpg,1732711756724.jpg,1732711756824.jpg,1732711756924.jpg,1732711757024.jpg,1732711757124.jpg,1732711757224.jpg,1732711757324.jpg,1732711757424.jpg,1732711757525.jpg,1732711757624.jpg,1732711757724.jpg,1732711757824.jpg,1732711757924.jpg,1732711758024.jpg,1732711758124.jpg,1732711758224.jpg,1732711758324.jpg,1732711758424.jpg,1732711758524.jpg,1732711758624.jpg,1732711758724.jpg,1732711758824.jpg,1732711758924.jpg,1732711759024.jpg,1732711759124.jpg,1732711759224.jpg,1732711759324.jpg,1732711759424.jpg,1732711759524.jpg,1732711759624.jpg,1732711759724.jpg,1732711759824.jpg,1732711759924.jpg,1732711760024.jpg,1732711760124.jpg,1732711760224.jpg,1732711760324.jpg,1732711760424.jpg,1732711760524.jpg,1732711760624.jpg,1732711760724.jpg,1732711760824.jpg,1732711760924.jpg,1732711761024.jpg,1732711761124.jpg,1732711761224.jpg,1732711761324.jpg,1732711761425.jpg,1732711761524.jpg,1732711761624.jpg,1732711761724.jpg,1732711761824.jpg,1732711761924.jpg,1732711762024.jpg,1732711762124.jpg,1732711762224.jpg,1732711762324.jpg,1732711762424.jpg,1732711762524.jpg,1732711762624.jpg,1732711762724.jpg,1732711762824.jpg,1732711762924.jpg,1732711763024.jpg,1732711763124.jpg,1732711763224.jpg,1732711763324.jpg,1732711763424.jpg,1732711763524.jpg,1732711763624.jpg,1732711763724.jpg,1732711763824.jpg,1732711763924.jpg,1732711764024.jpg,1732711764124.jpg,1732711764224.jpg,1732711764324.jpg,1732711764424.jpg,1732711764524.jpg,1732711764624.jpg,1732711764724.jpg,1732711764824.jpg,1732711764924.jpg,1732711765024.jpg,1732711765124.jpg,1732711765224.jpg,1732711765324.jpg,1732711765424.jpg,1732711765524.jpg,1732711765624.jpg,1732711765724.jpg,1732711765824.jpg,1732711765924.jpg,1732711766024.jpg,1732711766124.jpg,1732711766224.jpg,1732711766324.jpg,1732711766424.jpg,1732711766524.jpg,1732711766624.jpg,1732711766724.jpg,1732711766824.jpg,1732711766924.jpg,1732711767024.jpg,1732711767124.jpg,1732711767224.jpg,1732711767324.jpg,1732711767424.jpg,1732711767524.jpg,1732711767624.jpg,1732711767724.jpg,1732711767824.jpg,1732711767924.jpg,1732711768024.jpg,1732711768124.jpg,1732711768224.jpg,1732711768324.jpg,1732711768424.jpg,1732711768524.jpg,1732711768624.jpg,1732711768724.jpg,1732711768824.jpg,1732711768924.jpg,1732711769024.jpg,1732711769124.jpg,1732711769224.jpg,1732711769324.jpg,1732711769424.jpg,1732711769524.jpg,1732711769624.jpg,1732711769724.jpg,1732711769824.jpg,1732711769924.jpg,1732711770024.jpg,1732711770124.jpg,1732711770224.jpg,1732711770324.jpg,1732711770424.jpg,1732711770524.jpg,1732711770624.jpg,1732711770724.jpg,1732711770824.jpg,1732711770924.jpg
vehicle1_front_left_camera,1732711751029.jpg,1732711751129.jpg,1732711751229.jpg,1732711751329.jpg,1732711751429.jpg,1732711751529.jpg,1732711751629.jpg,1732711751729.jpg,1732711751829.jpg,1732711751929.jpg,1732711752029.jpg,1732711752129.jpg,1732711752229.jpg,1732711752329.jpg,1732711752429.jpg,1732711752529.jpg,1732711752629.jpg,1732711752729.jpg,1732711752829.jpg,1732711752929.jpg,1732711753029.jpg,1732711753129.jpg,1732711753229.jpg,1732711753329.jpg,1732711753430.jpg,1732711753529.jpg,1732711753629.jpg,1732711753729.jpg,1732711753829.jpg,1732711753929.jpg,1732711754029.jpg,1732711754129.jpg,1732711754229.jpg,1732711754329.jpg,1732711754430.jpg,1732711754529.jpg,1732711754629.jpg,1732711754729.jpg,1732711754829.jpg,1732711754929.jpg,1732711755029.jpg,1732711755129.jpg,1732711755229.jpg,1732711755329.jpg,1732711755429.jpg,1732711755529.jpg,1732711755629.jpg,1732711755729.jpg,1732711755829.jpg,1732711755929.jpg,1732711756029.jpg,1732711756129.jpg,1732711756229.jpg,1732711756329.jpg,1732711756429.jpg,1732711756529.jpg,1732711756629.jpg,1732711756729.jpg,1732711756829.jpg,1732711756929.jpg,1732711757029.jpg,1732711757129.jpg,1732711757229.jpg,1732711757329.jpg,1732711757429.jpg,1732711757530.jpg,1732711757629.jpg,1732711757729.jpg,1732711757829.jpg,1732711757929.jpg,1732711758029.jpg,1732711758129.jpg,1732711758229.jpg,1732711758329.jpg,1732711758429.jpg,1732711758529.jpg,1732711758629.jpg,1732711758729.jpg,1732711758829.jpg,1732711758929.jpg,1732711759029.jpg,1732711759129.jpg,1732711759229.jpg,1732711759329.jpg,1732711759429.jpg,1732711759529.jpg,1732711759629.jpg,1732711759729.jpg,1732711759829.jpg,1732711759929.jpg,1732711760029.jpg,1732711760129.jpg,1732711760229.jpg,1732711760329.jpg,1732711760429.jpg,1732711760529.jpg,1732711760629.jpg,1732711760729.jpg,1732711760829.jpg,1732711760929.jpg,1732711761029.jpg,1732711761129.jpg,1732711761229.jpg,1732711761329.jpg,1732711761430.jpg,1732711761529.jpg,1732711761629.jpg,1732711761729.jpg,1732711761829.jpg,1732711761929.jpg,1732711762029.jpg,1732711762129.jpg,1732711762229.jpg,1732711762329.jpg,1732711762429.jpg,1732711762529.jpg,1732711762629.jpg,1732711762729.jpg,1732711762829.jpg,1732711762929.jpg,1732711763029.jpg,1732711763129.jpg,1732711763229.jpg,1732711763329.jpg,1732711763429.jpg,1732711763529.jpg,1732711763629.jpg,1732711763729.jpg,1732711763829.jpg,1732711763929.jpg,1732711764029.jpg,1732711764129.jpg,1732711764229.jpg,1732711764329.jpg,1732711764429.jpg,1732711764529.jpg,1732711764629.jpg,1732711764729.jpg,1732711764829.jpg,1732711764929.jpg,1732711765029.jpg,1732711765129.jpg,1732711765229.jpg,1732711765329.jpg,1732711765429.jpg,1732711765529.jpg,1732711765629.jpg,1732711765729.jpg,1732711765829.jpg,1732711765929.jpg,1732711766029.jpg,1732711766129.jpg,1732711766229.jpg,1732711766329.jpg,1732711766429.jpg,1732711766529.jpg,1732711766629.jpg,1732711766729.jpg,1732711766829.jpg,1732711766929.jpg,1732711767029.jpg,1732711767129.jpg,1732711767229.jpg,1732711767329.jpg,1732711767429.jpg,1732711767529.jpg,1732711767629.jpg,1732711767729.jpg,1732711767829.jpg,1732711767929.jpg,1732711768029.jpg,1732711768129.jpg,1732711768229.jpg,1732711768329.jpg,1732711768429.jpg,1732711768529.jpg,1732711768629.jpg,1732711768729.jpg,1732711768829.jpg,1732711768929.jpg,1732711769029.jpg,1732711769129.jpg,1732711769229.jpg,1732711769329.jpg,1732711769429.jpg,1732711769529.jpg,1732711769629.jpg,1732711769729.jpg,1732711769829.jpg,1732711769929.jpg,1732711770029.jpg,1732711770129.jpg,1732711770229.jpg,1732711770329.jpg,1732711770429.jpg,1732711770529.jpg,1732711770629.jpg,1732711770729.jpg,1732711770829.jpg,1732711770929.jpg
vehicle1_front_right_camera,1732711751044.jpg,1732711751144.jpg,1732711751244.jpg,1732711751344.jpg,1732711751444.jpg,1732711751544.jpg,1732711751644.jpg,1732711751744.jpg,1732711751844.jpg,1732711751944.jpg,1732711752044.jpg,1732711752144.jpg,1732711752244.jpg,1732711752344.jpg,1732711752444.jpg,1732711752544.jpg,1732711752644.jpg,1732711752744.jpg,1732711752844.jpg,1732711752944.jpg,1732711753044.jpg,1732711753144.jpg,1732711753244.jpg,1732711753344.jpg,1732711753445.jpg,1732711753544.jpg,1732711753644.jpg,1732711753744.jpg,1732711753844.jpg,1732711753944.jpg,1732711754044.jpg,1732711754144.jpg,1732711754244.jpg,1732711754344.jpg,1732711754445.jpg,1732711754544.jpg,1732711754644.jpg,1732711754744.jpg,1732711754844.jpg,1732711754944.jpg,1732711755044.jpg,1732711755144.jpg,1732711755244.jpg,1732711755344.jpg,1732711755444.jpg,1732711755544.jpg,1732711755644.jpg,1732711755744.jpg,1732711755844.jpg,1732711755944.jpg,1732711756044.jpg,1732711756144.jpg,1732711756244.jpg,1732711756344.jpg,1732711756444.jpg,1732711756544.jpg,1732711756644.jpg,1732711756744.jpg,1732711756844.jpg,1732711756944.jpg,1732711757044.jpg,1732711757144.jpg,1732711757244.jpg,1732711757344.jpg,1732711757444.jpg,1732711757545.jpg,1732711757644.jpg,1732711757744.jpg,1732711757844.jpg,1732711757944.jpg,1732711758044.jpg,1732711758144.jpg,1732711758244.jpg,1732711758344.jpg,1732711758444.jpg,1732711758544.jpg,1732711758644.jpg,1732711758744.jpg,1732711758844.jpg,1732711758944.jpg,1732711759044.jpg,1732711759144.jpg,1732711759244.jpg,1732711759344.jpg,1732711759444.jpg,1732711759544.jpg,1732711759644.jpg,1732711759744.jpg,1732711759844.jpg,1732711759944.jpg,1732711760044.jpg,1732711760144.jpg,1732711760244.jpg,1732711760344.jpg,1732711760444.jpg,1732711760544.jpg,1732711760644.jpg,1732711760744.jpg,1732711760844.jpg,1732711760944.jpg,1732711761044.jpg,1732711761144.jpg,1732711761244.jpg,1732711761344.jpg,1732711761445.jpg,1732711761544.jpg,1732711761644.jpg,1732711761744.jpg,1732711761844.jpg,1732711761944.jpg,1732711762044.jpg,1732711762144.jpg,1732711762244.jpg,1732711762344.jpg,1732711762444.jpg,1732711762544.jpg,1732711762644.jpg,1732711762744.jpg,1732711762844.jpg,1732711762944.jpg,1732711763044.jpg,1732711763144.jpg,1732711763244.jpg,1732711763344.jpg,1732711763444.jpg,1732711763544.jpg,1732711763644.jpg,1732711763744.jpg,1732711763844.jpg,1732711763944.jpg,1732711764044.jpg,1732711764144.jpg,1732711764244.jpg,1732711764344.jpg,1732711764444.jpg,1732711764544.jpg,1732711764644.jpg,1732711764744.jpg,1732711764844.jpg,1732711764944.jpg,1732711765044.jpg,1732711765144.jpg,1732711765244.jpg,1732711765344.jpg,1732711765444.jpg,1732711765544.jpg,1732711765644.jpg,1732711765744.jpg,1732711765844.jpg,1732711765944.jpg,1732711766044.jpg,1732711766144.jpg,1732711766244.jpg,1732711766344.jpg,1732711766444.jpg,1732711766544.jpg,1732711766644.jpg,1732711766744.jpg,1732711766844.jpg,1732711766944.jpg,1732711767044.jpg,1732711767144.jpg,1732711767244.jpg,1732711767344.jpg,1732711767444.jpg,1732711767544.jpg,1732711767644.jpg,1732711767744.jpg,1732711767844.jpg,1732711767944.jpg,1732711768044.jpg,1732711768144.jpg,1732711768244.jpg,1732711768344.jpg,1732711768444.jpg,1732711768544.jpg,1732711768644.jpg,1732711768744.jpg,1732711768844.jpg,1732711768944.jpg,1732711769044.jpg,1732711769144.jpg,1732711769244.jpg,1732711769344.jpg,1732711769444.jpg,1732711769544.jpg,1732711769644.jpg,1732711769744.jpg,1732711769844.jpg,1732711769944.jpg,1732711770044.jpg,1732711770144.jpg,1732711770244.jpg,1732711770344.jpg,1732711770444.jpg,1732711770544.jpg,1732711770644.jpg,1732711770744.jpg,1732711770844.jpg,1732711770944.jpg
vehicle1_right_camera,1732711750999.jpg,1732711751099.jpg,1732711751199.jpg,1732711751299.jpg,1732711751399.jpg,1732711751499.jpg,1732711751599.jpg,1732711751699.jpg,1732711751799.jpg,1732711751899.jpg,1732711751999.jpg,1732711752099.jpg,1732711752199.jpg,1732711752299.jpg,1732711752399.jpg,1732711752499.jpg,1732711752599.jpg,1732711752699.jpg,1732711752799.jpg,1732711752899.jpg,1732711752999.jpg,1732711753099.jpg,1732711753199.jpg,1732711753299.jpg,1732711753400.jpg,1732711753499.jpg,1732711753599.jpg,1732711753699.jpg,1732711753799.jpg,1732711753899.jpg,1732711753999.jpg,1732711754099.jpg,1732711754199.jpg,1732711754299.jpg,1732711754400.jpg,1732711754499.jpg,1732711754599.jpg,1732711754699.jpg,1732711754799.jpg,1732711754899.jpg,1732711754999.jpg,1732711755099.jpg,1732711755199.jpg,1732711755299.jpg,1732711755399.jpg,1732711755499.jpg,1732711755599.jpg,1732711755699.jpg,1732711755799.jpg,1732711755899.jpg,1732711755999.jpg,1732711756099.jpg,1732711756199.jpg,1732711756299.jpg,1732711756399.jpg,1732711756499.jpg,1732711756599.jpg,1732711756699.jpg,1732711756799.jpg,1732711756899.jpg,1732711756999.jpg,1732711757099.jpg,1732711757199.jpg,1732711757299.jpg,1732711757399.jpg,1732711757500.jpg,1732711757599.jpg,1732711757699.jpg,1732711757799.jpg,1732711757899.jpg,1732711757999.jpg,1732711758099.jpg,1732711758199.jpg,1732711758299.jpg,1732711758399.jpg,1732711758499.jpg,1732711758599.jpg,1732711758699.jpg,1732711758799.jpg,1732711758899.jpg,1732711758999.jpg,1732711759099.jpg,1732711759199.jpg,1732711759299.jpg,1732711759399.jpg,1732711759499.jpg,1732711759599.jpg,1732711759699.jpg,1732711759799.jpg,1732711759899.jpg,1732711759999.jpg,1732711760099.jpg,1732711760199.jpg,1732711760299.jpg,1732711760399.jpg,1732711760499.jpg,1732711760599.jpg,1732711760699.jpg,1732711760799.jpg,1732711760899.jpg,1732711760999.jpg,1732711761099.jpg,1732711761199.jpg,1732711761299.jpg,1732711761400.jpg,1732711761499.jpg,1732711761599.jpg,1732711761699.jpg,1732711761799.jpg,1732711761899.jpg,1732711761999.jpg,1732711762099.jpg,1732711762199.jpg,1732711762299.jpg,1732711762399.jpg,1732711762499.jpg,1732711762599.jpg,1732711762699.jpg,1732711762799.jpg,1732711762899.jpg,1732711762999.jpg,1732711763099.jpg,1732711763199.jpg,1732711763299.jpg,1732711763399.jpg,1732711763499.jpg,1732711763599.jpg,1732711763699.jpg,1732711763799.jpg,1732711763899.jpg,1732711763999.jpg,1732711764099.jpg,1732711764199.jpg,1732711764299.jpg,1732711764399.jpg,1732711764499.jpg,1732711764599.jpg,1732711764699.jpg,1732711764799.jpg,1732711764899.jpg,1732711764999.jpg,1732711765099.jpg,1732711765199.jpg,1732711765299.jpg,1732711765399.jpg,1732711765499.jpg,1732711765599.jpg,1732711765699.jpg,1732711765799.jpg,1732711765899.jpg,1732711765999.jpg,1732711766099.jpg,1732711766199.jpg,1732711766299.jpg,1732711766399.jpg,1732711766499.jpg,1732711766599.jpg,1732711766699.jpg,1732711766799.jpg,1732711766899.jpg,1732711766999.jpg,1732711767099.jpg,1732711767199.jpg,1732711767299.jpg,1732711767399.jpg,1732711767499.jpg,1732711767599.jpg,1732711767699.jpg,1732711767799.jpg,1732711767899.jpg,1732711767999.jpg,1732711768099.jpg,1732711768199.jpg,1732711768299.jpg,1732711768399.jpg,1732711768499.jpg,1732711768599.jpg,1732711768699.jpg,1732711768799.jpg,1732711768899.jpg,1732711768999.jpg,1732711769099.jpg,1732711769199.jpg,1732711769299.jpg,1732711769399.jpg,1732711769499.jpg,1732711769599.jpg,1732711769699.jpg,1732711769799.jpg,1732711769899.jpg,1732711769999.jpg,1732711770099.jpg,1732711770199.jpg,1732711770299.jpg,1732711770399.jpg,1732711770499.jpg,1732711770599.jpg,1732711770699.jpg,1732711770799.jpg,1732711770899.jpg
vehicle1_back_right_camera,1732711751004.jpg,1732711751104.jpg,1732711751204.jpg,1732711751304.jpg,1732711751404.jpg,1732711751504.jpg,1732711751604.jpg,1732711751704.jpg,1732711751804.jpg,1732711751904.jpg,1732711752004.jpg,1732711752104.jpg,1732711752204.jpg,1732711752304.jpg,1732711752404.jpg,1732711752504.jpg,1732711752604.jpg,1732711752704.jpg,1732711752804.jpg,1732711752904.jpg,1732711753004.jpg,1732711753104.jpg,1732711753204.jpg,1732711753304.jpg,1732711753405.jpg,1732711753504.jpg,1732711753604.jpg,1732711753704.jpg,1732711753804.jpg,1732711753904.jpg,1732711754004.jpg,1732711754104.jpg,1732711754204.jpg,1732711754304.jpg,1732711754405.jpg,1732711754504.jpg,1732711754604.jpg,1732711754704.jpg,1732711754804.jpg,1732711754904.jpg,1732711755004.jpg,1732711755104.jpg,1732711755204.jpg,1732711755304.jpg,1732711755404.jpg,1732711755504.jpg,1732711755604.jpg,1732711755704.jpg,1732711755804.jpg,1732711755904.jpg,1732711756004.jpg,1732711756104.jpg,1732711756204.jpg,1732711756304.jpg,1732711756404.jpg,1732711756504.jpg,1732711756604.jpg,1732711756704.jpg,1732711756804.jpg,1732711756904.jpg,1732711757004.jpg,1732711757104.jpg,1732711757204.jpg,1732711757304.jpg,1732711757404.jpg,1732711757505.jpg,1732711757604.jpg,1732711757704.jpg,1732711757804.jpg,1732711757904.jpg,1732711758004.jpg,1732711758104.jpg,1732711758204.jpg,1732711758304.jpg,1732711758404.jpg,1732711758504.jpg,1732711758604.jpg,1732711758704.jpg,1732711758804.jpg,1732711758904.jpg,1732711759004.jpg,1732711759104.jpg,1732711759204.jpg,1732711759304.jpg,1732711759404.jpg,1732711759504.jpg,1732711759604.jpg,1732711759704.jpg,1732711759804.jpg,1732711759904.jpg,1732711760004.jpg,1732711760104.jpg,1732711760204.jpg,1732711760304.jpg,1732711760404.jpg,1732711760504.jpg,1732711760604.jpg,1732711760704.jpg,1732711760804.jpg,1732711760904.jpg,1732711761004.jpg,1732711761104.jpg,1732711761204.jpg,1732711761304.jpg,1732711761405.jpg,1732711761504.jpg,1732711761604.jpg,1732711761704.jpg,1732711761804.jpg,1732711761904.jpg,1732711762004.jpg,1732711762104.jpg,1732711762204.jpg,1732711762304.jpg,1732711762404.jpg,1732711762504.jpg,1732711762604.jpg,1732711762704.jpg,1732711762804.jpg,1732711762904.jpg,1732711763004.jpg,1732711763104.jpg,1732711763204.jpg,1732711763304.jpg,1732711763404.jpg,1732711763504.jpg,1732711763604.jpg,1732711763704.jpg,1732711763804.jpg,1732711763904.jpg,1732711764004.jpg,1732711764104.jpg,1732711764204.jpg,1732711764304.jpg,1732711764404.jpg,1732711764504.jpg,1732711764604.jpg,1732711764704.jpg,1732711764804.jpg,1732711764904.jpg,1732711765004.jpg,1732711765104.jpg,1732711765204.jpg,1732711765304.jpg,1732711765404.jpg,1732711765504.jpg,1732711765604.jpg,1732711765704.jpg,1732711765804.jpg,1732711765904.jpg,1732711766004.jpg,1732711766104.jpg,1732711766204.jpg,1732711766304.jpg,1732711766404.jpg,1732711766504.jpg,1732711766604.jpg,1732711766704.jpg,1732711766804.jpg,1732711766904.jpg,1732711767004.jpg,1732711767104.jpg,1732711767204.jpg,1732711767304.jpg,1732711767404.jpg,1732711767504.jpg,1732711767604.jpg,1732711767704.jpg,1732711767804.jpg,1732711767904.jpg,1732711768004.jpg,1732711768104.jpg,1732711768204.jpg,1732711768304.jpg,1732711768404.jpg,1732711768504.jpg,1732711768604.jpg,1732711768704.jpg,1732711768804.jpg,1732711768904.jpg,1732711769004.jpg,1732711769104.jpg,1732711769204.jpg,1732711769304.jpg,1732711769404.jpg,1732711769504.jpg,1732711769604.jpg,1732711769704.jpg,1732711769804.jpg,1732711769904.jpg,1732711770004.jpg,1732711770104.jpg,1732711770204.jpg,1732711770304.jpg,1732711770404.jpg,1732711770504.jpg,1732711770604.jpg,1732711770704.jpg,1732711770804.jpg,1732711770904.jpg
vehicle2_back_left_camera,1732711751019.jpg,1732711751119.jpg,1732711751219.jpg,1732711751319.jpg,1732711751419.jpg,1732711751519.jpg,1732711751619.jpg,1732711751719.jpg,1732711751819.jpg,1732711751919.jpg,1732711752019.jpg,1732711752119.jpg,1732711752219.jpg,1732711752319.jpg,1732711752419.jpg,1732711752519.jpg,1732711752619.jpg,1732711752719.jpg,1732711752819.jpg,1732711752919.jpg,1732711753019.jpg,1732711753119.jpg,1732711753219.jpg,1732711753319.jpg,1732711753419.jpg,1732711753519.jpg,1732711753619.jpg,1732711753719.jpg,1732711753819.jpg,1732711753919.jpg,1732711754019.jpg,1732711754119.jpg,1732711754219.jpg,1732711754319.jpg,1732711754419.jpg,1732711754519.jpg,1732711754619.jpg,1732711754719.jpg,1732711754819.jpg,1732711754919.jpg,1732711755019.jpg,1732711755119.jpg,1732711755219.jpg,1732711755319.jpg,1732711755419.jpg,1732711755519.jpg,1732711755619.jpg,1732711755719.jpg,1732711755819.jpg,1732711755919.jpg,1732711756019.jpg,1732711756119.jpg,1732711756219.jpg,1732711756319.jpg,1732711756419.jpg,1732711756519.jpg,1732711756619.jpg,1732711756719.jpg,1732711756819.jpg,1732711756919.jpg,1732711757019.jpg,1732711757119.jpg,1732711757219.jpg,1732711757319.jpg,1732711757419.jpg,1732711757519.jpg,1732711757619.jpg,1732711757719.jpg,1732711757819.jpg,1732711757919.jpg,1732711758019.jpg,1732711758119.jpg,1732711758219.jpg,1732711758319.jpg,1732711758419.jpg,1732711758519.jpg,1732711758619.jpg,1732711758719.jpg,1732711758819.jpg,1732711758919.jpg,1732711759019.jpg,1732711759119.jpg,1732711759219.jpg,1732711759319.jpg,1732711759419.jpg,1732711759519.jpg,1732711759619.jpg,1732711759719.jpg,1732711759819.jpg,1732711759919.jpg,1732711760019.jpg,1732711760119.jpg,1732711760219.jpg,1732711760319.jpg,1732711760419.jpg,1732711760519.jpg,1732711760619.jpg,1732711760719.jpg,1732711760819.jpg,1732711760919.jpg,1732711761019.jpg,1732711761119.jpg,1732711761219.jpg,1732711761319.jpg,1732711761419.jpg,1732711761519.jpg,1732711761619.jpg,1732711761719.jpg,1732711761819.jpg,1732711761919.jpg,1732711762019.jpg,1732711762119.jpg,1732711762219.jpg,1732711762319.jpg,1732711762419.jpg,1732711762519.jpg,1732711762619.jpg,1732711762719.jpg,1732711762819.jpg,1732711762919.jpg,1732711763019.jpg,1732711763119.jpg,1732711763219.jpg,1732711763319.jpg,1732711763419.jpg,1732711763519.jpg,1732711763619.jpg,1732711763719.jpg,1732711763819.jpg,1732711763919.jpg,1732711764019.jpg,1732711764119.jpg,1732711764219.jpg,1732711764319.jpg,1732711764419.jpg,1732711764519.jpg,1732711764619.jpg,1732711764719.jpg,1732711764819.jpg,1732711764919.jpg,1732711765019.jpg,1732711765119.jpg,1732711765219.jpg,1732711765319.jpg,1732711765419.jpg,1732711765519.jpg,1732711765619.jpg,1732711765719.jpg,1732711765819.jpg,1732711765919.jpg,1732711766019.jpg,1732711766119.jpg,1732711766219.jpg,1732711766319.jpg,1732711766419.jpg,1732711766519.jpg,1732711766619.jpg,1732711766719.jpg,1732711766819.jpg,1732711766919.jpg,1732711767019.jpg,1732711767119.jpg,1732711767219.jpg,1732711767319.jpg,1732711767419.jpg,1732711767519.jpg,1732711767619.jpg,1732711767719.jpg,1732711767819.jpg,1732711767919.jpg,1732711768019.jpg,1732711768119.jpg,1732711768219.jpg,1732711768319.jpg,1732711768419.jpg,1732711768519.jpg,1732711768619.jpg,1732711768719.jpg,1732711768819.jpg,1732711768919.jpg,1732711769019.jpg,1732711769119.jpg,1732711769219.jpg,1732711769319.jpg,1732711769419.jpg,1732711769519.jpg,1732711769619.jpg,1732711769719.jpg,1732711769819.jpg,1732711769919.jpg,1732711770019.jpg,1732711770119.jpg,1732711770219.jpg,1732711770319.jpg,1732711770419.jpg,1732711770519.jpg,1732711770619.jpg,1732711770719.jpg,1732711770819.jpg,1732711770919.jpg
vehicle2_left_camera,1732711751024.jpg,1732711751124.jpg,1732711751224.jpg,1732711751324.jpg,1732711751424.jpg,1732711751524.jpg,1732711751624.jpg,1732711751724.jpg,1732711751824.jpg,1732711751924.jpg,1732711752024.jpg,1732711752124.jpg,1732711752224.jpg,1732711752324.jpg,1732711752424.jpg,1732711752524.jpg,1732711752624.jpg,1732711752724.jpg,1732711752824.jpg,1732711752924.jpg,1732711753024.jpg,1732711753124.jpg,1732711753224.jpg,1732711753324.jpg,1732711753424.jpg,1732711753524.jpg,1732711753624.jpg,1732711753724.jpg,1732711753824.jpg,1732711753924.jpg,1732711754024.jpg,1732711754124.jpg,1732711754224.jpg,1732711754324.jpg,1732711754424.jpg,1732711754524.jpg,1732711754624.jpg,1732711754724.jpg,1732711754824.jpg,1732711754924.jpg,1732711755024.jpg,1732711755124.jpg,1732711755224.jpg,1732711755324.jpg,1732711755424.jpg,1732711755524.jpg,1732711755624.jpg,1732711755724.jpg,1732711755824.jpg,1732711755924.jpg,1732711756024.jpg,1732711756124.jpg,1732711756224.jpg,1732711756324.jpg,1732711756424.jpg,1732711756524.jpg,1732711756624.jpg,1732711756724.jpg,1732711756824.jpg,1732711756924.jpg,1732711757024.jpg,1732711757124.jpg,1732711757224.jpg,1732711757324.jpg,1732711757424.jpg,1732711757524.jpg,1732711757624.jpg,1732711757724.jpg,1732711757824.jpg,1732711757924.jpg,1732711758024.jpg,1732711758124.jpg,1732711758224.jpg,1732711758324.jpg,1732711758424.jpg,1732711758524.jpg,1732711758624.jpg,1732711758724.jpg,1732711758824.jpg,1732711758924.jpg,1732711759024.jpg,1732711759124.jpg,1732711759224.jpg,1732711759324.jpg,1732711759424.jpg,1732711759524.jpg,1732711759624.jpg,1732711759724.jpg,1732711759824.jpg,1732711759924.jpg,1732711760024.jpg,1732711760124.jpg,1732711760224.jpg,1732711760324.jpg,1732711760424.jpg,1732711760524.jpg,1732711760624.jpg,1732711760724.jpg,1732711760824.jpg,1732711760924.jpg,1732711761024.jpg,1732711761124.jpg,1732711761224.jpg,1732711761324.jpg,1732711761424.jpg,1732711761524.jpg,1732711761624.jpg,1732711761724.jpg,1732711761824.jpg,1732711761924.jpg,1732711762024.jpg,1732711762124.jpg,1732711762224.jpg,1732711762324.jpg,1732711762424.jpg,1732711762524.jpg,1732711762624.jpg,1732711762724.jpg,1732711762824.jpg,1732711762924.jpg,1732711763024.jpg,1732711763124.jpg,1732711763224.jpg,1732711763324.jpg,1732711763424.jpg,1732711763524.jpg,1732711763624.jpg,1732711763724.jpg,1732711763824.jpg,1732711763924.jpg,1732711764024.jpg,1732711764124.jpg,1732711764224.jpg,1732711764324.jpg,1732711764424.jpg,1732711764524.jpg,1732711764624.jpg,1732711764724.jpg,1732711764824.jpg,1732711764924.jpg,1732711765024.jpg,1732711765124.jpg,1732711765224.jpg,1732711765324.jpg,1732711765424.jpg,1732711765524.jpg,1732711765624.jpg,1732711765724.jpg,1732711765824.jpg,1732711765924.jpg,1732711766024.jpg,1732711766124.jpg,1732711766224.jpg,1732711766324.jpg,1732711766424.jpg,1732711766524.jpg,1732711766624.jpg,1732711766724.jpg,1732711766824.jpg,1732711766924.jpg,1732711767024.jpg,1732711767124.jpg,1732711767224.jpg,1732711767324.jpg,1732711767424.jpg,1732711767524.jpg,1732711767624.jpg,1732711767724.jpg,1732711767824.jpg,1732711767924.jpg,1732711768024.jpg,1732711768124.jpg,1732711768224.jpg,1732711768324.jpg,1732711768424.jpg,1732711768524.jpg,1732711768624.jpg,1732711768724.jpg,1732711768824.jpg,1732711768924.jpg,1732711769024.jpg,1732711769124.jpg,1732711769224.jpg,1732711769324.jpg,1732711769424.jpg,1732711769524.jpg,1732711769624.jpg,1732711769724.jpg,1732711769824.jpg,1732711769924.jpg,1732711770024.jpg,1732711770124.jpg,1732711770224.jpg,1732711770324.jpg,1732711770424.jpg,1732711770524.jpg,1732711770624.jpg,1732711770724.jpg,1732711770824.jpg,1732711770924.jpg
vehicle2_front_left_camera,1732711751029.jpg,1732711751129.jpg,1732711751229.jpg,1732711751329.jpg,1732711751429.jpg,1732711751529.jpg,1732711751629.jpg,1732711751729.jpg,1732711751829.jpg,1732711751929.jpg,1732711752029.jpg,1732711752129.jpg,1732711752229.jpg,1732711752329.jpg,1732711752429.jpg,1732711752529.jpg,1732711752629.jpg,1732711752729.jpg,1732711752829.jpg,1732711752929.jpg,1732711753029.jpg,1732711753129.jpg,1732711753229.jpg,1732711753329.jpg,1732711753429.jpg,1732711753529.jpg,1732711753629.jpg,1732711753729.jpg,1732711753829.jpg,1732711753929.jpg,1732711754029.jpg,1732711754129.jpg,1732711754229.jpg,1732711754329.jpg,1732711754429.jpg,1732711754529.jpg,1732711754629.jpg,1732711754729.jpg,1732711754829.jpg,1732711754929.jpg,1732711755029.jpg,1732711755129.jpg,1732711755229.jpg,1732711755329.jpg,1732711755429.jpg,1732711755529.jpg,1732711755629.jpg,1732711755729.jpg,1732711755829.jpg,1732711755929.jpg,1732711756029.jpg,1732711756129.jpg,1732711756229.jpg,1732711756329.jpg,1732711756429.jpg,1732711756529.jpg,1732711756629.jpg,1732711756729.jpg,1732711756829.jpg,1732711756929.jpg,1732711757029.jpg,1732711757129.jpg,1732711757229.jpg,1732711757329.jpg,1732711757429.jpg,1732711757529.jpg,1732711757629.jpg,1732711757729.jpg,1732711757829.jpg,1732711757929.jpg,1732711758029.jpg,1732711758129.jpg,1732711758229.jpg,1732711758329.jpg,1732711758429.jpg,1732711758529.jpg,1732711758629.jpg,1732711758729.jpg,1732711758829.jpg,1732711758929.jpg,1732711759029.jpg,1732711759129.jpg,1732711759229.jpg,1732711759329.jpg,1732711759429.jpg,1732711759529.jpg,1732711759629.jpg,1732711759729.jpg,1732711759829.jpg,1732711759929.jpg,1732711760029.jpg,1732711760129.jpg,1732711760229.jpg,1732711760329.jpg,1732711760429.jpg,1732711760529.jpg,1732711760629.jpg,1732711760729.jpg,1732711760829.jpg,1732711760929.jpg,1732711761029.jpg,1732711761129.jpg,1732711761229.jpg,1732711761329.jpg,1732711761429.jpg,1732711761529.jpg,1732711761629.jpg,1732711761729.jpg,1732711761829.jpg,1732711761929.jpg,1732711762029.jpg,1732711762129.jpg,1732711762229.jpg,1732711762329.jpg,1732711762429.jpg,1732711762529.jpg,1732711762629.jpg,1732711762729.jpg,1732711762829.jpg,1732711762929.jpg,1732711763029.jpg,1732711763129.jpg,1732711763229.jpg,1732711763329.jpg,1732711763429.jpg,1732711763529.jpg,1732711763629.jpg,1732711763729.jpg,1732711763829.jpg,1732711763929.jpg,1732711764029.jpg,1732711764129.jpg,1732711764229.jpg,1732711764329.jpg,1732711764429.jpg,1732711764529.jpg,1732711764629.jpg,1732711764729.jpg,1732711764829.jpg,1732711764929.jpg,1732711765029.jpg,1732711765129.jpg,1732711765229.jpg,1732711765329.jpg,1732711765429.jpg,1732711765529.jpg,1732711765629.jpg,1732711765729.jpg,1732711765829.jpg,1732711765929.jpg,1732711766029.jpg,1732711766129.jpg,1732711766229.jpg,1732711766329.jpg,1732711766429.jpg,1732711766529.jpg,1732711766629.jpg,1732711766729.jpg,1732711766829.jpg,1732711766929.jpg,1732711767029.jpg,1732711767129.jpg,1732711767229.jpg,1732711767329.jpg,1732711767429.jpg,1732711767529.jpg,1732711767629.jpg,1732711767729.jpg,1732711767829.jpg,1732711767929.jpg,1732711768029.jpg,1732711768129.jpg,1732711768229.jpg,1732711768329.jpg,1732711768429.jpg,1732711768529.jpg,1732711768629.jpg,1732711768729.jpg,1732711768829.jpg,1732711768929.jpg,1732711769029.jpg,1732711769129.jpg,1732711769229.jpg,1732711769329.jpg,1732711769429.jpg,1732711769529.jpg,1732711769629.jpg,1732711769729.jpg,1732711769829.jpg,1732711769929.jpg,1732711770029.jpg,1732711770129.jpg,1732711770229.jpg,1732711770329.jpg,1732711770429.jpg,1732711770529.jpg,1732711770629.jpg,1732711770729.jpg,1732711770829.jpg,1732711770929.jpg
vehicle2_front_right_camera,1732711751044.jpg,1732711751144.jpg,1732711751244.jpg,1732711751344.jpg,1732711751444.jpg,1732711751544.jpg,1732711751644.jpg,1732711751744.jpg,1732711751844.jpg,1732711751944.jpg,1732711752044.jpg,1732711752144.jpg,1732711752244.jpg,1732711752344.jpg,1732711752444.jpg,1732711752544.jpg,1732711752644.jpg,1732711752744.jpg,1732711752844.jpg,1732711752944.jpg,1732711753044.jpg,1732711753144.jpg,1732711753244.jpg,1732711753344.jpg,1732711753444.jpg,1732711753544.jpg,1732711753644.jpg,1732711753744.jpg,1732711753844.jpg,1732711753944.jpg,1732711754044.jpg,1732711754144.jpg,1732711754244.jpg,1732711754344.jpg,1732711754444.jpg,1732711754544.jpg,1732711754644.jpg,1732711754744.jpg,1732711754844.jpg,1732711754944.jpg,1732711755044.jpg,1732711755144.jpg,1732711755244.jpg,1732711755344.jpg,1732711755444.jpg,1732711755544.jpg,1732711755644.jpg,1732711755744.jpg,1732711755844.jpg,1732711755944.jpg,1732711756044.jpg,1732711756144.jpg,1732711756244.jpg,1732711756344.jpg,1732711756444.jpg,1732711756544.jpg,1732711756644.jpg,1732711756744.jpg,1732711756844.jpg,1732711756944.jpg,1732711757044.jpg,1732711757144.jpg,1732711757244.jpg,1732711757344.jpg,1732711757444.jpg,1732711757544.jpg,1732711757644.jpg,1732711757744.jpg,1732711757844.jpg,1732711757944.jpg,1732711758044.jpg,1732711758144.jpg,1732711758244.jpg,1732711758344.jpg,1732711758444.jpg,1732711758544.jpg,1732711758644.jpg,1732711758744.jpg,1732711758844.jpg,1732711758944.jpg,1732711759044.jpg,1732711759144.jpg,1732711759244.jpg,1732711759344.jpg,1732711759444.jpg,1732711759544.jpg,1732711759644.jpg,1732711759744.jpg,1732711759844.jpg,1732711759944.jpg,1732711760044.jpg,1732711760144.jpg,1732711760244.jpg,1732711760344.jpg,1732711760444.jpg,1732711760544.jpg,1732711760644.jpg,1732711760744.jpg,1732711760844.jpg,1732711760944.jpg,1732711761044.jpg,1732711761144.jpg,1732711761244.jpg,1732711761344.jpg,1732711761444.jpg,1732711761544.jpg,1732711761644.jpg,1732711761744.jpg,1732711761844.jpg,1732711761944.jpg,1732711762044.jpg,1732711762144.jpg,1732711762244.jpg,1732711762344.jpg,1732711762444.jpg,1732711762544.jpg,1732711762644.jpg,1732711762744.jpg,1732711762844.jpg,1732711762944.jpg,1732711763044.jpg,1732711763144.jpg,1732711763244.jpg,1732711763344.jpg,1732711763444.jpg,1732711763544.jpg,1732711763644.jpg,1732711763744.jpg,1732711763844.jpg,1732711763944.jpg,1732711764044.jpg,1732711764144.jpg,1732711764244.jpg,1732711764344.jpg,1732711764444.jpg,1732711764544.jpg,1732711764644.jpg,1732711764744.jpg,1732711764844.jpg,1732711764944.jpg,1732711765044.jpg,1732711765144.jpg,1732711765244.jpg,1732711765344.jpg,1732711765444.jpg,1732711765544.jpg,1732711765644.jpg,1732711765744.jpg,1732711765844.jpg,1732711765944.jpg,1732711766044.jpg,1732711766144.jpg,1732711766244.jpg,1732711766344.jpg,1732711766444.jpg,1732711766544.jpg,1732711766644.jpg,1732711766744.jpg,1732711766844.jpg,1732711766944.jpg,1732711767044.jpg,1732711767144.jpg,1732711767244.jpg,1732711767344.jpg,1732711767444.jpg,1732711767544.jpg,1732711767644.jpg,1732711767744.jpg,1732711767844.jpg,1732711767944.jpg,1732711768044.jpg,1732711768144.jpg,1732711768244.jpg,1732711768344.jpg,1732711768444.jpg,1732711768544.jpg,1732711768644.jpg,1732711768744.jpg,1732711768844.jpg,1732711768944.jpg,1732711769044.jpg,1732711769144.jpg,1732711769244.jpg,1732711769344.jpg,1732711769444.jpg,1732711769544.jpg,1732711769644.jpg,1732711769744.jpg,1732711769844.jpg,1732711769944.jpg,1732711770044.jpg,1732711770144.jpg,1732711770244.jpg,1732711770344.jpg,1732711770444.jpg,1732711770544.jpg,1732711770644.jpg,1732711770744.jpg,1732711770844.jpg,1732711770944.jpg
vehicle2_right_camera,1732711750999.jpg,1732711751099.jpg,1732711751199.jpg,1732711751299.jpg,1732711751399.jpg,1732711751499.jpg,1732711751599.jpg,1732711751699.jpg,1732711751799.jpg,1732711751899.jpg,1732711751999.jpg,1732711752099.jpg,1732711752199.jpg,1732711752299.jpg,1732711752399.jpg,1732711752499.jpg,1732711752599.jpg,1732711752699.jpg,1732711752799.jpg,1732711752899.jpg,1732711752999.jpg,1732711753099.jpg,1732711753199.jpg,1732711753299.jpg,1732711753399.jpg,1732711753499.jpg,1732711753599.jpg,1732711753699.jpg,1732711753799.jpg,1732711753899.jpg,1732711753999.jpg,1732711754099.jpg,1732711754199.jpg,1732711754299.jpg,1732711754399.jpg,1732711754499.jpg,1732711754599.jpg,1732711754699.jpg,1732711754799.jpg,1732711754899.jpg,1732711754999.jpg,1732711755099.jpg,1732711755199.jpg,1732711755299.jpg,1732711755399.jpg,1732711755499.jpg,1732711755599.jpg,1732711755699.jpg,1732711755799.jpg,1732711755899.jpg,1732711755999.jpg,1732711756099.jpg,1732711756199.jpg,1732711756299.jpg,1732711756399.jpg,1732711756499.jpg,1732711756599.jpg,1732711756699.jpg,1732711756799.jpg,1732711756899.jpg,1732711756999.jpg,1732711757099.jpg,1732711757199.jpg,1732711757299.jpg,1732711757399.jpg,1732711757499.jpg,1732711757599.jpg,1732711757699.jpg,1732711757799.jpg,1732711757899.jpg,1732711757999.jpg,1732711758099.jpg,1732711758199.jpg,1732711758299.jpg,1732711758399.jpg,1732711758499.jpg,1732711758599.jpg,1732711758699.jpg,1732711758799.jpg,1732711758899.jpg,1732711758999.jpg,1732711759099.jpg,1732711759199.jpg,1732711759299.jpg,1732711759399.jpg,1732711759499.jpg,1732711759599.jpg,1732711759699.jpg,1732711759799.jpg,1732711759899.jpg,1732711759999.jpg,1732711760099.jpg,1732711760199.jpg,1732711760299.jpg,1732711760399.jpg,1732711760499.jpg,1732711760599.jpg,1732711760699.jpg,1732711760799.jpg,1732711760899.jpg,1732711760999.jpg,1732711761099.jpg,1732711761199.jpg,1732711761299.jpg,1732711761399.jpg,1732711761499.jpg,1732711761599.jpg,1732711761699.jpg,1732711761799.jpg,1732711761899.jpg,1732711761999.jpg,1732711762099.jpg,1732711762199.jpg,1732711762299.jpg,1732711762399.jpg,1732711762499.jpg,1732711762599.jpg,1732711762699.jpg,1732711762799.jpg,1732711762899.jpg,1732711762999.jpg,1732711763099.jpg,1732711763199.jpg,1732711763299.jpg,1732711763399.jpg,1732711763499.jpg,1732711763599.jpg,1732711763699.jpg,1732711763799.jpg,1732711763899.jpg,1732711763999.jpg,1732711764099.jpg,1732711764199.jpg,1732711764299.jpg,1732711764399.jpg,1732711764499.jpg,1732711764599.jpg,1732711764699.jpg,1732711764799.jpg,1732711764899.jpg,1732711764999.jpg,1732711765099.jpg,1732711765199.jpg,1732711765299.jpg,1732711765399.jpg,1732711765499.jpg,1732711765599.jpg,1732711765699.jpg,1732711765799.jpg,1732711765899.jpg,1732711765999.jpg,1732711766099.jpg,1732711766199.jpg,1732711766299.jpg,1732711766399.jpg,1732711766499.jpg,1732711766599.jpg,1732711766699.jpg,1732711766799.jpg,1732711766899.jpg,1732711766999.jpg,1732711767099.jpg,1732711767199.jpg,1732711767299.jpg,1732711767399.jpg,1732711767499.jpg,1732711767599.jpg,1732711767699.jpg,1732711767799.jpg,1732711767899.jpg,1732711767999.jpg,1732711768099.jpg,1732711768199.jpg,1732711768299.jpg,1732711768399.jpg,1732711768499.jpg,1732711768599.jpg,1732711768699.jpg,1732711768799.jpg,1732711768899.jpg,1732711768999.jpg,1732711769099.jpg,1732711769199.jpg,1732711769299.jpg,1732711769399.jpg,1732711769499.jpg,1732711769599.jpg,1732711769699.jpg,1732711769799.jpg,1732711769899.jpg,1732711769999.jpg,1732711770099.jpg,1732711770199.jpg,1732711770299.jpg,1732711770399.jpg,1732711770499.jpg,1732711770599.jpg,1732711770699.jpg,1732711770799.jpg,1732711770899.jpg
vehicle2_back_right_camera,1732711751004.jpg,1732711751104.jpg,1732711751204.jpg,1732711751304.jpg,1732711751404.jpg,1732711751504.jpg,1732711751604.jpg,1732711751704.jpg,1732711751804.jpg,1732711751904.jpg,1732711752004.jpg,1732711752104.jpg,1732711752204.jpg,1732711752304.jpg,1732711752404.jpg,1732711752504.jpg,1732711752604.jpg,1732711752704.jpg,1732711752804.jpg,1732711752904.jpg,1732711753004.jpg,1732711753104.jpg,1732711753204.jpg,1732711753304.jpg,1732711753404.jpg,1732711753504.jpg,1732711753604.jpg,1732711753704.jpg,1732711753804.jpg,1732711753904.jpg,1732711754004.jpg,1732711754104.jpg,1732711754204.jpg,1732711754304.jpg,1732711754404.jpg,1732711754504.jpg,1732711754604.jpg,1732711754704.jpg,1732711754804.jpg,1732711754904.jpg,1732711755004.jpg,1732711755104.jpg,1732711755204.jpg,1732711755304.jpg,1732711755404.jpg,1732711755504.jpg,1732711755604.jpg,1732711755704.jpg,1732711755804.jpg,1732711755904.jpg,1732711756004.jpg,1732711756104.jpg,1732711756204.jpg,1732711756304.jpg,1732711756404.jpg,1732711756504.jpg,1732711756604.jpg,1732711756704.jpg,1732711756804.jpg,1732711756904.jpg,1732711757004.jpg,1732711757104.jpg,1732711757204.jpg,1732711757304.jpg,1732711757404.jpg,1732711757504.jpg,1732711757604.jpg,1732711757704.jpg,1732711757804.jpg,1732711757904.jpg,1732711758004.jpg,1732711758104.jpg,1732711758204.jpg,1732711758304.jpg,1732711758404.jpg,1732711758504.jpg,1732711758604.jpg,1732711758704.jpg,1732711758804.jpg,1732711758904.jpg,1732711759004.jpg,1732711759104.jpg,1732711759204.jpg,1732711759304.jpg,1732711759404.jpg,1732711759504.jpg,1732711759604.jpg,1732711759704.jpg,1732711759804.jpg,1732711759904.jpg,1732711760004.jpg,1732711760104.jpg,1732711760204.jpg,1732711760304.jpg,1732711760404.jpg,1732711760504.jpg,1732711760604.jpg,1732711760704.jpg,1732711760804.jpg,1732711760904.jpg,1732711761004.jpg,1732711761104.jpg,1732711761204.jpg,1732711761304.jpg,1732711761404.jpg,1732711761504.jpg,1732711761604.jpg,1732711761704.jpg,1732711761804.jpg,1732711761904.jpg,1732711762004.jpg,1732711762104.jpg,1732711762204.jpg,1732711762304.jpg,1732711762404.jpg,1732711762504.jpg,1732711762604.jpg,1732711762704.jpg,1732711762804.jpg,1732711762904.jpg,1732711763004.jpg,1732711763104.jpg,1732711763204.jpg,1732711763304.jpg,1732711763404.jpg,1732711763504.jpg,1732711763604.jpg,1732711763704.jpg,1732711763804.jpg,1732711763904.jpg,1732711764004.jpg,1732711764104.jpg,1732711764204.jpg,1732711764304.jpg,1732711764404.jpg,1732711764504.jpg,1732711764604.jpg,1732711764704.jpg,1732711764804.jpg,1732711764904.jpg,1732711765004.jpg,1732711765104.jpg,1732711765204.jpg,1732711765304.jpg,1732711765404.jpg,1732711765504.jpg,1732711765604.jpg,1732711765704.jpg,1732711765804.jpg,1732711765904.jpg,1732711766004.jpg,1732711766104.jpg,1732711766204.jpg,1732711766304.jpg,1732711766404.jpg,1732711766504.jpg,1732711766604.jpg,1732711766704.jpg,1732711766804.jpg,1732711766904.jpg,1732711767004.jpg,1732711767104.jpg,1732711767204.jpg,1732711767304.jpg,1732711767404.jpg,1732711767504.jpg,1732711767604.jpg,1732711767704.jpg,1732711767804.jpg,1732711767904.jpg,1732711768004.jpg,1732711768104.jpg,1732711768204.jpg,1732711768304.jpg,1732711768404.jpg,1732711768504.jpg,1732711768604.jpg,1732711768704.jpg,1732711768804.jpg,1732711768904.jpg,1732711769004.jpg,1732711769104.jpg,1732711769204.jpg,1732711769304.jpg,1732711769404.jpg,1732711769504.jpg,1732711769604.jpg,1732711769704.jpg,1732711769804.jpg,1732711769904.jpg,1732711770004.jpg,1732711770104.jpg,1732711770204.jpg,1732711770304.jpg,1732711770404.jpg,1732711770504.jpg,1732711770604.jpg,1732711770704.jpg,1732711770804.jpg,1732711770904.jpg
crossing1_13_thermal_camera,1732711751037.jpg,1732711751137.jpg,1732711751237.jpg,1732711751337.jpg,1732711751437.jpg,1732711751537.jpg,1732711751637.jpg,1732711751737.jpg,1732711751837.jpg,1732711751937.jpg,1732711752036.jpg,1732711752136.jpg,1732711752236.jpg,1732711752336.jpg,1732711752436.jpg,1732711752536.jpg,1732711752636.jpg,1732711752736.jpg,1732711752836.jpg,1732711752935.jpg,1732711753035.jpg,1732711753135.jpg,1732711753235.jpg,1732711753335.jpg,1732711753435.jpg,1732711753535.jpg,1732711753635.jpg,1732711753735.jpg,1732711753835.jpg,1732711753934.jpg,1732711754034.jpg,1732711754134.jpg,1732711754234.jpg,1732711754334.jpg,1732711754434.jpg,1732711754534.jpg,1732711754634.jpg,1732711754734.jpg,1732711754833.jpg,1732711754933.jpg,1732711755033.jpg,1732711755133.jpg,1732711755233.jpg,1732711755333.jpg,1732711755433.jpg,1732711755533.jpg,1732711755633.jpg,1732711755733.jpg,1732711755832.jpg,1732711755932.jpg,1732711756032.jpg,1732711756132.jpg,1732711756232.jpg,1732711756332.jpg,1732711756432.jpg,1732711756532.jpg,1732711756632.jpg,1732711756731.jpg,1732711756831.jpg,1732711756931.jpg,1732711757031.jpg,1732711757131.jpg,1732711757231.jpg,1732711757331.jpg,1732711757431.jpg,1732711757531.jpg,1732711757631.jpg,1732711757730.jpg,1732711757830.jpg,1732711757930.jpg,1732711758030.jpg,1732711758130.jpg,1732711758230.jpg,1732711758330.jpg,1732711758430.jpg,1732711758530.jpg,1732711758630.jpg,1732711758729.jpg,1732711758829.jpg,1732711758929.jpg,1732711759029.jpg,1732711759129.jpg,1732711759229.jpg,1732711759329.jpg,1732711759429.jpg,1732711759529.jpg,1732711759628.jpg,1732711759728.jpg,1732711759828.jpg,1732711759928.jpg,1732711760028.jpg,1732711760128.jpg,1732711760228.jpg,1732711760328.jpg,1732711760428.jpg,1732711760528.jpg,1732711760627.jpg,1732711760727.jpg,1732711760827.jpg,1732711760927.jpg,1732711761027.jpg,1732711761127.jpg,1732711761227.jpg,1732711761327.jpg,1732711761427.jpg,1732711761526.jpg,1732711761626.jpg,1732711761726.jpg,1732711761826.jpg,1732711761926.jpg,1732711762026.jpg,1732711762126.jpg,1732711762226.jpg,1732711762326.jpg,1732711762426.jpg,1732711762525.jpg,1732711762625.jpg,1732711762725.jpg,1732711762825.jpg,1732711762925.jpg,1732711763025.jpg,1732711763125.jpg,1732711763225.jpg,1732711763325.jpg,1732711763424.jpg,1732711763524.jpg,1732711763624.jpg,1732711763724.jpg,1732711763824.jpg,1732711763924.jpg,1732711764024.jpg,1732711764124.jpg,1732711764224.jpg,1732711764324.jpg,1732711764423.jpg,1732711764523.jpg,1732711764623.jpg,1732711764723.jpg,1732711764823.jpg,1732711764923.jpg,1732711765023.jpg,1732711765123.jpg,1732711765223.jpg,1732711765323.jpg,1732711765422.jpg,1732711765522.jpg,1732711765622.jpg,1732711765722.jpg,1732711765822.jpg,1732711765922.jpg,1732711766022.jpg,1732711766122.jpg,1732711766222.jpg,1732711766321.jpg,1732711766421.jpg,1732711766521.jpg,1732711766621.jpg,1732711766721.jpg,1732711766821.jpg,1732711766921.jpg,1732711767021.jpg,1732711767121.jpg,1732711767221.jpg,1732711767320.jpg,1732711767420.jpg,1732711767520.jpg,1732711767620.jpg,1732711767720.jpg,1732711767820.jpg,1732711767920.jpg,1732711768020.jpg,1732711768120.jpg,1732711768219.jpg,1732711768319.jpg,1732711768419.jpg,1732711768519.jpg,1732711768619.jpg,1732711768719.jpg,1732711768819.jpg,1732711768919.jpg,1732711769019.jpg,1732711769119.jpg,1732711769218.jpg,1732711769318.jpg,1732711769418.jpg,1732711769518.jpg,1732711769618.jpg,1732711769718.jpg,1732711769818.jpg,1732711769918.jpg,1732711770018.jpg,1732711770118.jpg,1732711770217.jpg,1732711770317.jpg,1732711770417.jpg,1732711770517.jpg,1732711770617.jpg,1732711770717.jpg,1732711770817.jpg,1732711770917.jpg
crossing1_14_thermal_camera,1732711751016.jpg,1732711751116.jpg,1732711751216.jpg,1732711751316.jpg,1732711751416.jpg,1732711751516.jpg,1732711751616.jpg,1732711751716.jpg,1732711751816.jpg,1732711751916.jpg,1732711752015.jpg,1732711752115.jpg,1732711752215.jpg,1732711752315.jpg,1732711752415.jpg,1732711752515.jpg,1732711752615.jpg,1732711752715.jpg,1732711752815.jpg,1732711752915.jpg,1732711753014.jpg,1732711753114.jpg,1732711753214.jpg,1732711753314.jpg,1732711753414.jpg,1732711753514.jpg,1732711753614.jpg,1732711753714.jpg,1732711753814.jpg,1732711753913.jpg,1732711754013.jpg,1732711754113.jpg,1732711754213.jpg,1732711754313.jpg,1732711754413.jpg,1732711754513.jpg,1732711754613.jpg,1732711754713.jpg,1732711754813.jpg,1732711754912.jpg,1732711755012.jpg,1732711755112.jpg,1732711755212.jpg,1732711755312.jpg,1732711755412.jpg,1732711755512.jpg,1732711755612.jpg,1732711755712.jpg,1732711755811.jpg,1732711755911.jpg,1732711756011.jpg,1732711756111.jpg,1732711756211.jpg,1732711756311.jpg,1732711756411.jpg,1732711756511.jpg,1732711756611.jpg,1732711756711.jpg,1732711756810.jpg,1732711756910.jpg,1732711757010.jpg,1732711757110.jpg,1732711757210.jpg,1732711757310.jpg,1732711757410.jpg,1732711757510.jpg,1732711757610.jpg,1732711757709.jpg,1732711757809.jpg,1732711757909.jpg,1732711758009.jpg,1732711758109.jpg,1732711758209.jpg,1732711758309.jpg,1732711758409.jpg,1732711758509.jpg,1732711758609.jpg,1732711758708.jpg,1732711758808.jpg,1732711758908.jpg,1732711759041.jpg,1732711759141.jpg,1732711759241.jpg,1732711759341.jpg,1732711759441.jpg,1732711759541.jpg,1732711759641.jpg,1732711759741.jpg,1732711759841.jpg,1732711759940.jpg,1732711760040.jpg,1732711760140.jpg,1732711760240.jpg,1732711760340.jpg,1732711760440.jpg,1732711760540.jpg,1732711760640.jpg,1732711760740.jpg,1732711760840.jpg,1732711760939.jpg,1732711761039.jpg,1732711761139.jpg,1732711761239.jpg,1732711761339.jpg,1732711761439.jpg,1732711761539.jpg,1732711761639.jpg,1732711761739.jpg,1732711761838.jpg,1732711761938.jpg,1732711762038.jpg,1732711762138.jpg,1732711762238.jpg,1732711762338.jpg,1732711762438.jpg,1732711762538.jpg,1732711762638.jpg,1732711762738.jpg,1732711762837.jpg,1732711762937.jpg,1732711763037.jpg,1732711763137.jpg,1732711763237.jpg,1732711763337.jpg,1732711763437.jpg,1732711763537.jpg,1732711763637.jpg,1732711763736.jpg,1732711763836.jpg,1732711763936.jpg,1732711764036.jpg,1732711764136.jpg,1732711764236.jpg,1732711764336.jpg,1732711764436.jpg,1732711764536.jpg,1732711764636.jpg,1732711764735.jpg,1732711764835.jpg,1732711764935.jpg,1732711765035.jpg,1732711765135.jpg,1732711765235.jpg,1732711765335.jpg,1732711765435.jpg,1732711765535.jpg,1732711765635.jpg,1732711765734.jpg,1732711765834.jpg,1732711765934.jpg,1732711766034.jpg,1732711766134.jpg,1732711766234.jpg,1732711766334.jpg,1732711766434.jpg,1732711766534.jpg,1732711766633.jpg,1732711766733.jpg,1732711766833.jpg,1732711766933.jpg,1732711767033.jpg,1732711767133.jpg,1732711767233.jpg,1732711767333.jpg,1732711767433.jpg,1732711767533.jpg,1732711767632.jpg,1732711767732.jpg,1732711767832.jpg,1732711767932.jpg,1732711768032.jpg,1732711768132.jpg,1732711768232.jpg,1732711768332.jpg,1732711768432.jpg,1732711768531.jpg,1732711768631.jpg,1732711768731.jpg,1732711768831.jpg,1732711768931.jpg,1732711769031.jpg,1732711769131.jpg,1732711769231.jpg,1732711769331.jpg,1732711769431.jpg,1732711769530.jpg,1732711769630.jpg,1732711769730.jpg,1732711769830.jpg,1732711769930.jpg,1732711770030.jpg,1732711770130.jpg,1732711770230.jpg,1732711770330.jpg,1732711770429.jpg,1732711770529.jpg,1732711770629.jpg,1732711770729.jpg,1732711770829.jpg,1732711770929.jpg
crossing1_15_thermal_camera,1732711751040.jpg,1732711751140.jpg,1732711751240.jpg,1732711751340.jpg,1732711751440.jpg,1732711751540.jpg,1732711751640.jpg,1732711751740.jpg,1732711751840.jpg,1732711751940.jpg,1732711752039.jpg,1732711752139.jpg,1732711752239.jpg,1732711752339.jpg,1732711752439.jpg,1732711752539.jpg,1732711752639.jpg,1732711752739.jpg,1732711752839.jpg,1732711752938.jpg,1732711753038.jpg,1732711753138.jpg,1732711753238.jpg,1732711753338.jpg,1732711753438.jpg,1732711753538.jpg,1732711753638.jpg,1732711753738.jpg,1732711753838.jpg,1732711753937.jpg,1732711754037.jpg,1732711754137.jpg,1732711754237.jpg,1732711754337.jpg,1732711754437.jpg,1732711754537.jpg,1732711754637.jpg,1732711754737.jpg,1732711754836.jpg,1732711754936.jpg,1732711755036.jpg,1732711755136.jpg,1732711755236.jpg,1732711755336.jpg,1732711755436.jpg,1732711755536.jpg,1732711755636.jpg,1732711755736.jpg,1732711755835.jpg,1732711755935.jpg,1732711756035.jpg,1732711756135.jpg,1732711756235.jpg,1732711756335.jpg,1732711756435.jpg,1732711756535.jpg,1732711756635.jpg,1732711756735.jpg,1732711756834.jpg,1732711756934.jpg,1732711757034.jpg,1732711757134.jpg,1732711757234.jpg,1732711757334.jpg,1732711757434.jpg,1732711757534.jpg,1732711757634.jpg,1732711757733.jpg,1732711757833.jpg,1732711757933.jpg,1732711758033.jpg,1732711758133.jpg,1732711758233.jpg,1732711758333.jpg,1732711758433.jpg,1732711758533.jpg,1732711758633.jpg,1732711758732.jpg,1732711758832.jpg,1732711758932.jpg,1732711759032.jpg,1732711759132.jpg,1732711759232.jpg,1732711759332.jpg,1732711759432.jpg,1732711759532.jpg,1732711759631.jpg,1732711759731.jpg,1732711759831.jpg,1732711759931.jpg,1732711760031.jpg,1732711760131.jpg,1732711760231.jpg,1732711760331.jpg,1732711760431.jpg,1732711760531.jpg,1732711760630.jpg,1732711760730.jpg,1732711760830.jpg,1732711760930.jpg,1732711761030.jpg,1732711761130.jpg,1732711761230.jpg,1732711761330.jpg,1732711761430.jpg,1732711761530.jpg,1732711761629.jpg,1732711761729.jpg,1732711761829.jpg,1732711761929.jpg,1732711762029.jpg,1732711762129.jpg,1732711762229.jpg,1732711762329.jpg,1732711762429.jpg,1732711762528.jpg,1732711762628.jpg,1732711762728.jpg,1732711762828.jpg,1732711762928.jpg,1732711763028.jpg,1732711763128.jpg,1732711763228.jpg,1732711763328.jpg,1732711763428.jpg,1732711763527.jpg,1732711763627.jpg,1732711763727.jpg,1732711763827.jpg,1732711763927.jpg,1732711764027.jpg,1732711764127.jpg,1732711764227.jpg,1732711764327.jpg,1732711764427.jpg,1732711764526.jpg,1732711764626.jpg,1732711764726.jpg,1732711764826.jpg,1732711764926.jpg,1732711765026.jpg,1732711765126.jpg,1732711765226.jpg,1732711765326.jpg,1732711765425.jpg,1732711765525.jpg,1732711765625.jpg,1732711765725.jpg,1732711765825.jpg,1732711765925.jpg,1732711766025.jpg,1732711766125.jpg,1732711766225.jpg,1732711766325.jpg,1732711766424.jpg,1732711766524.jpg,1732711766624.jpg,1732711766724.jpg,1732711766824.jpg,1732711766924.jpg,1732711767024.jpg,1732711767124.jpg,1732711767224.jpg,1732711767324.jpg,1732711767423.jpg,1732711767523.jpg,1732711767623.jpg,1732711767723.jpg,1732711767823.jpg,1732711767923.jpg,1732711768023.jpg,1732711768123.jpg,1732711768223.jpg,1732711768322.jpg,1732711768422.jpg,1732711768522.jpg,1732711768622.jpg,1732711768722.jpg,1732711768822.jpg,1732711768922.jpg,1732711769022.jpg,1732711769122.jpg,1732711769222.jpg,1732711769321.jpg,1732711769421.jpg,1732711769521.jpg,1732711769621.jpg,1732711769721.jpg,1732711769821.jpg,1732711769921.jpg,1732711770021.jpg,1732711770121.jpg,1732711770220.jpg,1732711770320.jpg,1732711770420.jpg,1732711770520.jpg,1732711770620.jpg,1732711770720.jpg,1732711770820.jpg,1732711770920.jpg
crossing1_33_thermal_camera,1732711751025.jpg,1732711751125.jpg,1732711751225.jpg,1732711751325.jpg,1732711751425.jpg,1732711751525.jpg,1732711751625.jpg,1732711751724.jpg,1732711751824.jpg,1732711751924.jpg,1732711752024.jpg,1732711752124.jpg,1732711752224.jpg,1732711752324.jpg,1732711752424.jpg,1732711752524.jpg,1732711752624.jpg,1732711752723.jpg,1732711752823.jpg,1732711752923.jpg,1732711753023.jpg,1732711753123.jpg,1732711753223.jpg,1732711753323.jpg,1732711753423.jpg,1732711753523.jpg,1732711753622.jpg,1732711753722.jpg,1732711753822.jpg,1732711753922.jpg,1732711754022.jpg,1732711754122.jpg,1732711754222.jpg,1732711754322.jpg,1732711754422.jpg,1732711754522.jpg,1732711754621.jpg,1732711754721.jpg,1732711754821.jpg,1732711754921.jpg,1732711755021.jpg,1732711755121.jpg,1732711755221.jpg,1732711755321.jpg,1732711755421.jpg,1732711755520.jpg,1732711755620.jpg,1732711755720.jpg,1732711755820.jpg,1732711755920.jpg,1732711756020.jpg,1732711756120.jpg,1732711756220.jpg,1732711756320.jpg,1732711756420.jpg,1732711756519.jpg,1732711756619.jpg,1732711756719.jpg,1732711756819.jpg,1732711756919.jpg,1732711757019.jpg,1732711757119.jpg,1732711757219.jpg,1732711757319.jpg,1732711757418.jpg,1732711757518.jpg,1732711757618.jpg,1732711757718.jpg,1732711757818.jpg,1732711757918.jpg,1732711758018.jpg,1732711758118.jpg,1732711758218.jpg,1732711758318.jpg,1732711758417.jpg,1732711758517.jpg,1732711758617.jpg,1732711758717.jpg,1732711758817.jpg,1732711758917.jpg,1732711759017.jpg,1732711759117.jpg,1732711759217.jpg,1732711759316.jpg,1732711759416.jpg,1732711759516.jpg,1732711759616.jpg,1732711759716.jpg,1732711759816.jpg,1732711759916.jpg,1732711760016.jpg,1732711760116.jpg,1732711760216.jpg,1732711760315.jpg,1732711760415.jpg,1732711760515.jpg,1732711760615.jpg,1732711760715.jpg,1732711760815.jpg,1732711760915.jpg,1732711761015.jpg,1732711761115.jpg,1732711761214.jpg,1732711761314.jpg,1732711761414.jpg,1732711761514.jpg,1732711761614.jpg,1732711761714.jpg,1732711761814.jpg,1732711761914.jpg,1732711762014.jpg,1732711762114.jpg,1732711762213.jpg,1732711762313.jpg,1732711762413.jpg,1732711762513.jpg,1732711762613.jpg,1732711762713.jpg,1732711762813.jpg,1732711762913.jpg,1732711763013.jpg,1732711763112.jpg,1732711763212.jpg,1732711763312.jpg,1732711763412.jpg,1732711763512.jpg,1732711763612.jpg,1732711763712.jpg,1732711763812.jpg,1732711763912.jpg,1732711764012.jpg,1732711764111.jpg,1732711764211.jpg,1732711764311.jpg,1732711764411.jpg,1732711764511.jpg,1732711764611.jpg,1732711764711.jpg,1732711764811.jpg,1732711764911.jpg,1732711765010.jpg,1732711765110.jpg,1732711765210.jpg,1732711765310.jpg,1732711765410.jpg,1732711765510.jpg,1732711765610.jpg,1732711765710.jpg,1732711765810.jpg,1732711765910.jpg,1732711766009.jpg,1732711766109.jpg,1732711766209.jpg,1732711766309.jpg,1732711766409.jpg,1732711766509.jpg,1732711766609.jpg,1732711766709.jpg,1732711766809.jpg,1732711766908.jpg,1732711767008.jpg,1732711767108.jpg,1732711767241.jpg,1732711767341.jpg,1732711767441.jpg,1732711767541.jpg,1732711767641.jpg,1732711767741.jpg,1732711767841.jpg,1732711767941.jpg,1732711768041.jpg,1732711768141.jpg,1732711768240.jpg,1732711768340.jpg,1732711768440.jpg,1732711768540.jpg,1732711768640.jpg,1732711768740.jpg,1732711768840.jpg,1732711768940.jpg,1732711769040.jpg,1732711769139.jpg,1732711769239.jpg,1732711769339.jpg,1732711769439.jpg,1732711769539.jpg,1732711769639.jpg,1732711769739.jpg,1732711769839.jpg,1732711769939.jpg,1732711770039.jpg,1732711770138.jpg,1732711770238.jpg,1732711770338.jpg,1732711770438.jpg,1732711770538.jpg,1732711770638.jpg,1732711770738.jpg,1732711770838.jpg,1732711770938.jpg
crossing1_34_thermal_camera,1732711751015.jpg,1732711751115.jpg,1732711751215.jpg,1732711751315.jpg,1732711751415.jpg,1732711751515.jpg,1732711751615.jpg,1732711751715.jpg,1732711751815.jpg,1732711751914.jpg,1732711752014.jpg,1732711752114.jpg,1732711752214.jpg,1732711752314.jpg,1732711752414.jpg,1732711752514.jpg,1732711752614.jpg,1732711752714.jpg,1732711752813.jpg,1732711752913.jpg,1732711753013.jpg,1732711753113.jpg,1732711753213.jpg,1732711753313.jpg,1732711753413.jpg,1732711753513.jpg,1732711753613.jpg,1732711753713.jpg,1732711753812.jpg,1732711753912.jpg,1732711754012.jpg,1732711754112.jpg,1732711754212.jpg,1732711754312.jpg,1732711754412.jpg,1732711754512.jpg,1732711754612.jpg,1732711754712.jpg,1732711754811.jpg,1732711754911.jpg,1732711755011.jpg,1732711755111.jpg,1732711755211.jpg,1732711755311.jpg,1732711755411.jpg,1732711755511.jpg,1732711755611.jpg,1732711755710.jpg,1732711755810.jpg,1732711755910.jpg,1732711756010.jpg,1732711756110.jpg,1732711756210.jpg,1732711756310.jpg,1732711756410.jpg,1732711756510.jpg,1732711756610.jpg,1732711756709.jpg,1732711756809.jpg,1732711756909.jpg,1732711757009.jpg,1732711757109.jpg,1732711757209.jpg,1732711757309.jpg,1732711757409.jpg,1732711757509.jpg,1732711757608.jpg,1732711757708.jpg,1732711757808.jpg,1732711757941.jpg,1732711758041.jpg,1732711758141.jpg,1732711758241.jpg,1732711758341.jpg,1732711758441.jpg,1732711758541.jpg,1732711758641.jpg,1732711758741.jpg,1732711758841.jpg,1732711758940.jpg,1732711759040.jpg,1732711759140.jpg,1732711759240.jpg,1732711759340.jpg,1732711759440.jpg,1732711759540.jpg,1732711759640.jpg,1732711759740.jpg,1732711759839.jpg,1732711759939.jpg,1732711760039.jpg,1732711760139.jpg,1732711760239.jpg,1732711760339.jpg,1732711760439.jpg,1732711760539.jpg,1732711760639.jpg,1732711760739.jpg,1732711760838.jpg,1732711760938.jpg,1732711761038.jpg,1732711761138.jpg,1732711761238.jpg,1732711761338.jpg,1732711761438.jpg,1732711761538.jpg,1732711761638.jpg,1732711761738.jpg,1732711761837.jpg,1732711761937.jpg,1732711762037.jpg,1732711762137.jpg,1732711762237.jpg,1732711762337.jpg,1732711762437.jpg,1732711762537.jpg,1732711762637.jpg,1732711762736.jpg,1732711762836.jpg,1732711762936.jpg,1732711763036.jpg,1732711763136.jpg,1732711763236.jpg,1732711763336.jpg,1732711763436.jpg,1732711763536.jpg,1732711763636.jpg,1732711763735.jpg,1732711763835.jpg,1732711763935.jpg,1732711764035.jpg,1732711764135.jpg,1732711764235.jpg,1732711764335.jpg,1732711764435.jpg,1732711764535.jpg,1732711764634.jpg,1732711764734.jpg,1732711764834.jpg,1732711764934.jpg,1732711765034.jpg,1732711765134.jpg,1732711765234.jpg,1732711765334.jpg,1732711765434.jpg,1732711765534.jpg,1732711765633.jpg,1732711765733.jpg,1732711765833.jpg,1732711765933.jpg,1732711766033.jpg,1732711766133.jpg,1732711766233.jpg,1732711766333.jpg,1732711766433.jpg,1732711766532.jpg,1732711766632.jpg,1732711766732.jpg,1732711766832.jpg,1732711766932.jpg,1732711767032.jpg,1732711767132.jpg,1732711767232.jpg,1732711767332.jpg,1732711767432.jpg,1732711767531.jpg,1732711767631.jpg,1732711767731.jpg,1732711767831.jpg,1732711767931.jpg,1732711768031.jpg,1732711768131.jpg,1732711768231.jpg,1732711768331.jpg,1732711768431.jpg,1732711768530.jpg,1732711768630.jpg,1732711768730.jpg,1732711768830.jpg,1732711768930.jpg,1732711769030.jpg,1732711769130.jpg,1732711769230.jpg,1732711769330.jpg,1732711769429.jpg,1732711769529.jpg,1732711769629.jpg,1732711769729.jpg,1732711769829.jpg,1732711769929.jpg,1732711770029.jpg,1732711770129.jpg,1732711770229.jpg,1732711770329.jpg,1732711770428.jpg,1732711770528.jpg,1732711770628.jpg,1732711770728.jpg,1732711770828.jpg,1732711770928.jpg
crossing1_53_thermal_camera,1732711751031.jpg,1732711751130.jpg,1732711751230.jpg,1732711751330.jpg,1732711751430.jpg,1732711751530.jpg,1732711751630.jpg,1732711751730.jpg,1732711751830.jpg,1732711751930.jpg,1732711752029.jpg,1732711752129.jpg,1732711752229.jpg,1732711752329.jpg,1732711752429.jpg,1732711752529.jpg,1732711752629.jpg,1732711752729.jpg,1732711752829.jpg,1732711752929.jpg,1732711753028.jpg,1732711753128.jpg,1732711753228.jpg,1732711753328.jpg,1732711753428.jpg,1732711753528.jpg,1732711753628.jpg,1732711753728.jpg,1732711753828.jpg,1732711753927.jpg,1732711754027.jpg,1732711754127.jpg,1732711754227.jpg,1732711754327.jpg,1732711754427.jpg,1732711754527.jpg,1732711754627.jpg,1732711754727.jpg,1732711754827.jpg,1732711754926.jpg,1732711755026.jpg,1732711755126.jpg,1732711755226.jpg,1732711755326.jpg,1732711755426.jpg,1732711755526.jpg,1732711755626.jpg,1732711755726.jpg,1732711755825.jpg,1732711755925.jpg,1732711756025.jpg,1732711756125.jpg,1732711756225.jpg,1732711756325.jpg,1732711756425.jpg,1732711756525.jpg,1732711756625.jpg,1732711756725.jpg,1732711756824.jpg,1732711756924.jpg,1732711757024.jpg,1732711757124.jpg,1732711757224.jpg,1732711757324.jpg,1732711757424.jpg,1732711757524.jpg,1732711757624.jpg,1732711757723.jpg,1732711757823.jpg,1732711757923.jpg,1732711758023.jpg,1732711758123.jpg,1732711758223.jpg,1732711758323.jpg,1732711758423.jpg,1732711758523.jpg,1732711758623.jpg,1732711758722.jpg,1732711758822.jpg,1732711758922.jpg,1732711759022.jpg,1732711759122.jpg,1732711759222.jpg,1732711759322.jpg,1732711759422.jpg,1732711759522.jpg,1732711759621.jpg,1732711759721.jpg,1732711759821.jpg,1732711759921.jpg,1732711760021.jpg,1732711760121.jpg,1732711760221.jpg,1732711760321.jpg,1732711760421.jpg,1732711760521.jpg,1732711760620.jpg,1732711760720.jpg,1732711760820.jpg,1732711760920.jpg,1732711761020.jpg,1732711761120.jpg,1732711761220.jpg,1732711761320.jpg,1732711761420.jpg,1732711761519.jpg,1732711761619.jpg,1732711761719.jpg,1732711761819.jpg,1732711761919.jpg,1732711762019.jpg,1732711762119.jpg,1732711762219.jpg,1732711762319.jpg,1732711762419.jpg,1732711762518.jpg,1732711762618.jpg,1732711762718.jpg,1732711762818.jpg,1732711762918.jpg,1732711763018.jpg,1732711763118.jpg,1732711763218.jpg,1732711763318.jpg,1732711763417.jpg,1732711763517.jpg,1732711763617.jpg,1732711763717.jpg,1732711763817.jpg,1732711763917.jpg,1732711764017.jpg,1732711764117.jpg,1732711764217.jpg,1732711764317.jpg,1732711764416.jpg,1732711764516.jpg,1732711764616.jpg,1732711764716.jpg,1732711764816.jpg,1732711764916.jpg,1732711765016.jpg,1732711765116.jpg,1732711765216.jpg,1732711765315.jpg,1732711765415.jpg,1732711765515.jpg,1732711765615.jpg,1732711765715.jpg,1732711765815.jpg,1732711765915.jpg,1732711766015.jpg,1732711766115.jpg,1732711766215.jpg,1732711766314.jpg,1732711766414.jpg,1732711766514.jpg,1732711766614.jpg,1732711766714.jpg,1732711766814.jpg,1732711766914.jpg,1732711767014.jpg,1732711767114.jpg,1732711767213.jpg,1732711767313.jpg,1732711767413.jpg,1732711767513.jpg,1732711767613.jpg,1732711767713.jpg,1732711767813.jpg,1732711767913.jpg,1732711768013.jpg,1732711768113.jpg,1732711768212.jpg,1732711768312.jpg,1732711768412.jpg,1732711768512.jpg,1732711768612.jpg,1732711768712.jpg,1732711768812.jpg,1732711768912.jpg,1732711769012.jpg,1732711769111.jpg,1732711769211.jpg,1732711769311.jpg,1732711769411.jpg,1732711769511.jpg,1732711769611.jpg,1732711769711.jpg,1732711769811.jpg,1732711769911.jpg,1732711770011.jpg,1732711770110.jpg,1732711770210.jpg,1732711770310.jpg,1732711770410.jpg,1732711770510.jpg,1732711770610.jpg,1732711770710.jpg,1732711770810.jpg,1732711770910.jpg
crossing1_11_lidar,1732711751000.npz,1732711751100.npz,1732711751200.npz,1732711751300.npz,1732711751400.npz,1732711751500.npz,1732711751600.npz,1732711751700.npz,1732711751800.npz,1732711751900.npz,1732711752000.npz,1732711752100.npz,1732711752200.npz,1732711752300.npz,1732711752400.npz,1732711752500.npz,1732711752600.npz,1732711752700.npz,1732711752800.npz,1732711752900.npz,1732711753000.npz,1732711753100.npz,1732711753200.npz,1732711753300.npz,1732711753400.npz,1732711753500.npz,1732711753600.npz,1732711753700.npz,1732711753800.npz,1732711753900.npz,1732711754000.npz,1732711754100.npz,1732711754200.npz,1732711754300.npz,1732711754400.npz,1732711754500.npz,1732711754600.npz,1732711754700.npz,1732711754800.npz,1732711754900.npz,1732711755000.npz,1732711755100.npz,1732711755200.npz,1732711755300.npz,1732711755400.npz,1732711755500.npz,1732711755600.npz,1732711755700.npz,1732711755800.npz,1732711755900.npz,1732711756000.npz,1732711756100.npz,1732711756200.npz,1732711756300.npz,1732711756400.npz,1732711756500.npz,1732711756600.npz,1732711756700.npz,1732711756800.npz,1732711756900.npz,1732711757000.npz,1732711757100.npz,1732711757200.npz,1732711757300.npz,1732711757400.npz,1732711757500.npz,1732711757600.npz,1732711757700.npz,1732711757800.npz,1732711757900.npz,1732711758000.npz,1732711758100.npz,1732711758200.npz,1732711758300.npz,1732711758400.npz,1732711758500.npz,1732711758600.npz,1732711758700.npz,1732711758800.npz,1732711758900.npz,1732711759000.npz,1732711759100.npz,1732711759200.npz,1732711759300.npz,1732711759400.npz,1732711759500.npz,1732711759600.npz,1732711759700.npz,1732711759800.npz,1732711759900.npz,1732711760000.npz,1732711760100.npz,1732711760200.npz,1732711760300.npz,1732711760400.npz,1732711760500.npz,1732711760600.npz,1732711760700.npz,1732711760800.npz,1732711760900.npz,1732711761000.npz,1732711761100.npz,1732711761200.npz,1732711761300.npz,1732711761400.npz,1732711761500.npz,1732711761600.npz,1732711761700.npz,1732711761800.npz,1732711761900.npz,1732711762000.npz,1732711762100.npz,1732711762200.npz,1732711762300.npz,1732711762400.npz,1732711762500.npz,1732711762600.npz,1732711762700.npz,1732711762800.npz,1732711762900.npz,1732711763000.npz,1732711763100.npz,1732711763200.npz,1732711763300.npz,1732711763400.npz,1732711763500.npz,1732711763600.npz,1732711763700.npz,1732711763800.npz,1732711763900.npz,1732711764000.npz,1732711764100.npz,1732711764200.npz,1732711764300.npz,1732711764400.npz,1732711764500.npz,1732711764600.npz,1732711764700.npz,1732711764800.npz,1732711764900.npz,1732711765000.npz,1732711765100.npz,1732711765200.npz,1732711765300.npz,1732711765400.npz,1732711765500.npz,1732711765600.npz,1732711765700.npz,1732711765800.npz,1732711765900.npz,1732711766000.npz,1732711766100.npz,1732711766200.npz,1732711766300.npz,1732711766400.npz,1732711766500.npz,1732711766600.npz,1732711766700.npz,1732711766800.npz,1732711766900.npz,1732711767000.npz,1732711767100.npz,1732711767200.npz,1732711767300.npz,1732711767400.npz,1732711767500.npz,1732711767600.npz,1732711767700.npz,1732711767800.npz,1732711767900.npz,1732711768000.npz,1732711768100.npz,1732711768200.npz,1732711768300.npz,1732711768400.npz,1732711768500.npz,1732711768600.npz,1732711768700.npz,1732711768800.npz,1732711768900.npz,1732711769000.npz,1732711769100.npz,1732711769200.npz,1732711769300.npz,1732711769400.npz,1732711769500.npz,1732711769600.npz,1732711769700.npz,1732711769800.npz,1732711769900.npz,1732711770000.npz,1732711770100.npz,1732711770200.npz,1732711770300.npz,1732711770400.npz,1732711770500.npz,1732711770600.npz,1732711770700.npz,1732711770800.npz,1732711770900.npz
crossing1_12_lidar,1732711751000.npz,1732711751100.npz,1732711751200.npz,1732711751300.npz,1732711751400.npz,1732711751500.npz,1732711751600.npz,1732711751700.npz,1732711751800.npz,1732711751900.npz,1732711752000.npz,1732711752100.npz,1732711752200.npz,1732711752300.npz,1732711752400.npz,1732711752500.npz,1732711752600.npz,1732711752700.npz,1732711752800.npz,1732711752900.npz,1732711753000.npz,1732711753100.npz,1732711753200.npz,1732711753300.npz,1732711753400.npz,1732711753500.npz,1732711753600.npz,1732711753700.npz,1732711753800.npz,1732711753900.npz,1732711754000.npz,1732711754100.npz,1732711754200.npz,1732711754300.npz,1732711754400.npz,1732711754500.npz,1732711754600.npz,1732711754700.npz,1732711754800.npz,1732711754900.npz,1732711755000.npz,1732711755100.npz,1732711755200.npz,1732711755300.npz,1732711755400.npz,1732711755500.npz,1732711755600.npz,1732711755700.npz,1732711755800.npz,1732711755900.npz,1732711756000.npz,1732711756100.npz,1732711756200.npz,1732711756300.npz,1732711756400.npz,1732711756500.npz,1732711756600.npz,1732711756700.npz,1732711756800.npz,1732711756900.npz,1732711757000.npz,1732711757100.npz,1732711757200.npz,1732711757300.npz,1732711757400.npz,1732711757500.npz,1732711757600.npz,1732711757700.npz,1732711757800.npz,1732711757900.npz,1732711758000.npz,1732711758100.npz,1732711758200.npz,1732711758300.npz,1732711758400.npz,1732711758500.npz,1732711758600.npz,1732711758700.npz,1732711758800.npz,1732711758900.npz,1732711759000.npz,1732711759100.npz,1732711759200.npz,1732711759300.npz,1732711759400.npz,1732711759500.npz,1732711759600.npz,1732711759700.npz,1732711759800.npz,1732711759900.npz,1732711760000.npz,1732711760100.npz,1732711760200.npz,1732711760300.npz,1732711760400.npz,1732711760500.npz,1732711760600.npz,1732711760700.npz,1732711760800.npz,1732711760900.npz,1732711761000.npz,1732711761100.npz,1732711761200.npz,1732711761300.npz,1732711761400.npz,1732711761500.npz,1732711761600.npz,1732711761700.npz,1732711761800.npz,1732711761900.npz,1732711762000.npz,1732711762100.npz,1732711762200.npz,1732711762300.npz,1732711762400.npz,1732711762500.npz,1732711762600.npz,1732711762700.npz,1732711762800.npz,1732711762900.npz,1732711763000.npz,1732711763100.npz,1732711763200.npz,1732711763300.npz,1732711763400.npz,1732711763500.npz,1732711763600.npz,1732711763700.npz,1732711763800.npz,1732711763900.npz,1732711764000.npz,1732711764100.npz,1732711764200.npz,1732711764300.npz,1732711764400.npz,1732711764500.npz,1732711764600.npz,1732711764700.npz,1732711764800.npz,1732711764900.npz,1732711765000.npz,1732711765100.npz,1732711765200.npz,1732711765300.npz,1732711765400.npz,1732711765500.npz,1732711765600.npz,1732711765700.npz,1732711765800.npz,1732711765900.npz,1732711766000.npz,1732711766100.npz,1732711766200.npz,1732711766300.npz,1732711766400.npz,1732711766500.npz,1732711766600.npz,1732711766700.npz,1732711766800.npz,1732711766900.npz,1732711767000.npz,1732711767100.npz,1732711767200.npz,1732711767300.npz,1732711767400.npz,1732711767500.npz,1732711767600.npz,1732711767700.npz,1732711767800.npz,1732711767900.npz,1732711768000.npz,1732711768100.npz,1732711768200.npz,1732711768300.npz,1732711768400.npz,1732711768500.npz,1732711768600.npz,1732711768700.npz,1732711768800.npz,1732711768900.npz,1732711769000.npz,1732711769100.npz,1732711769200.npz,1732711769300.npz,1732711769400.npz,1732711769500.npz,1732711769600.npz,1732711769700.npz,1732711769800.npz,1732711769900.npz,1732711770000.npz,1732711770100.npz,1732711770200.npz,1732711770300.npz,1732711770400.npz,1732711770500.npz,1732711770600.npz,1732711770700.npz,1732711770800.npz,1732711770900.npz
crossing1_31_lidar,1732711751000.npz,1732711751100.npz,1732711751200.npz,1732711751300.npz,1732711751400.npz,1732711751500.npz,1732711751600.npz,1732711751700.npz,1732711751800.npz,1732711751900.npz,1732711752000.npz,1732711752100.npz,1732711752200.npz,1732711752300.npz,1732711752400.npz,1732711752500.npz,1732711752600.npz,1732711752700.npz,1732711752800.npz,1732711752900.npz,1732711753000.npz,1732711753100.npz,1732711753200.npz,1732711753300.npz,1732711753400.npz,1732711753500.npz,1732711753600.npz,1732711753700.npz,1732711753800.npz,1732711753900.npz,1732711754000.npz,1732711754100.npz,1732711754200.npz,1732711754300.npz,1732711754400.npz,1732711754500.npz,1732711754600.npz,1732711754700.npz,1732711754800.npz,1732711754900.npz,1732711755000.npz,1732711755100.npz,1732711755200.npz,1732711755300.npz,1732711755400.npz,1732711755500.npz,1732711755600.npz,1732711755700.npz,1732711755800.npz,1732711755900.npz,1732711756000.npz,1732711756100.npz,1732711756200.npz,1732711756300.npz,1732711756400.npz,1732711756500.npz,1732711756600.npz,1732711756700.npz,1732711756800.npz,1732711756900.npz,1732711757000.npz,1732711757100.npz,1732711757200.npz,1732711757300.npz,1732711757400.npz,1732711757500.npz,1732711757600.npz,1732711757700.npz,1732711757800.npz,1732711757900.npz,1732711758000.npz,1732711758100.npz,1732711758200.npz,1732711758300.npz,1732711758400.npz,1732711758500.npz,1732711758600.npz,1732711758700.npz,1732711758800.npz,1732711758900.npz,1732711759000.npz,1732711759100.npz,1732711759200.npz,1732711759300.npz,1732711759400.npz,1732711759500.npz,1732711759600.npz,1732711759700.npz,1732711759800.npz,1732711759900.npz,1732711760000.npz,1732711760100.npz,1732711760200.npz,1732711760300.npz,1732711760400.npz,1732711760500.npz,1732711760600.npz,1732711760700.npz,1732711760800.npz,1732711760900.npz,1732711761000.npz,1732711761100.npz,1732711761200.npz,1732711761300.npz,1732711761400.npz,1732711761500.npz,1732711761600.npz,1732711761700.npz,1732711761800.npz,1732711761900.npz,1732711762000.npz,1732711762100.npz,1732711762200.npz,1732711762300.npz,1732711762400.npz,1732711762500.npz,1732711762600.npz,1732711762700.npz,1732711762800.npz,1732711762900.npz,1732711763000.npz,1732711763100.npz,1732711763200.npz,1732711763300.npz,1732711763400.npz,1732711763500.npz,1732711763600.npz,1732711763700.npz,1732711763800.npz,1732711763900.npz,1732711764000.npz,1732711764100.npz,1732711764200.npz,1732711764300.npz,1732711764400.npz,1732711764500.npz,1732711764600.npz,1732711764700.npz,1732711764800.npz,1732711764900.npz,1732711765000.npz,1732711765100.npz,1732711765200.npz,1732711765300.npz,1732711765400.npz,1732711765500.npz,1732711765600.npz,1732711765700.npz,1732711765800.npz,1732711765900.npz,1732711766000.npz,1732711766100.npz,1732711766200.npz,1732711766300.npz,1732711766400.npz,1732711766500.npz,1732711766600.npz,1732711766700.npz,1732711766800.npz,1732711766900.npz,1732711767000.npz,1732711767100.npz,1732711767200.npz,1732711767300.npz,1732711767400.npz,1732711767500.npz,1732711767600.npz,1732711767700.npz,1732711767800.npz,1732711767900.npz,1732711768000.npz,1732711768100.npz,1732711768200.npz,1732711768300.npz,1732711768400.npz,1732711768500.npz,1732711768600.npz,1732711768700.npz,1732711768800.npz,1732711768900.npz,1732711769000.npz,1732711769100.npz,1732711769200.npz,1732711769300.npz,1732711769400.npz,1732711769500.npz,1732711769600.npz,1732711769700.npz,1732711769800.npz,1732711769900.npz,1732711770000.npz,1732711770100.npz,1732711770200.npz,1732711770300.npz,1732711770400.npz,1732711770500.npz,1732711770600.npz,1732711770700.npz,1732711770800.npz,1732711770900.npz
crossing1_32_lidar,1732711751000.npz,1732711751100.npz,1732711751200.npz,1732711751300.npz,1732711751400.npz,1732711751500.npz,1732711751600.npz,1732711751700.npz,1732711751800.npz,1732711751900.npz,1732711752000.npz,1732711752100.npz,1732711752200.npz,1732711752300.npz,1732711752400.npz,1732711752500.npz,1732711752600.npz,1732711752700.npz,1732711752800.npz,1732711752900.npz,1732711753000.npz,1732711753100.npz,1732711753200.npz,1732711753300.npz,1732711753400.npz,1732711753500.npz,1732711753600.npz,1732711753700.npz,1732711753800.npz,1732711753900.npz,1732711754000.npz,1732711754100.npz,1732711754200.npz,1732711754300.npz,1732711754400.npz,1732711754500.npz,1732711754600.npz,1732711754700.npz,1732711754800.npz,1732711754900.npz,1732711755000.npz,1732711755100.npz,1732711755200.npz,1732711755300.npz,1732711755400.npz,1732711755500.npz,1732711755600.npz,1732711755700.npz,1732711755800.npz,1732711755900.npz,1732711756000.npz,1732711756100.npz,1732711756200.npz,1732711756300.npz,1732711756400.npz,1732711756500.npz,1732711756600.npz,1732711756700.npz,1732711756800.npz,1732711756900.npz,1732711757000.npz,1732711757100.npz,1732711757200.npz,1732711757300.npz,1732711757400.npz,1732711757500.npz,1732711757600.npz,1732711757700.npz,1732711757800.npz,1732711757900.npz,1732711758000.npz,1732711758100.npz,1732711758200.npz,1732711758300.npz,1732711758400.npz,1732711758500.npz,1732711758600.npz,1732711758700.npz,1732711758800.npz,1732711758900.npz,1732711759000.npz,1732711759100.npz,1732711759200.npz,1732711759300.npz,1732711759400.npz,1732711759500.npz,1732711759600.npz,1732711759700.npz,1732711759800.npz,1732711759900.npz,1732711760000.npz,1732711760100.npz,1732711760200.npz,1732711760300.npz,1732711760400.npz,1732711760500.npz,1732711760600.npz,1732711760700.npz,1732711760800.npz,1732711760900.npz,1732711761000.npz,1732711761100.npz,1732711761200.npz,1732711761300.npz,1732711761400.npz,1732711761500.npz,1732711761600.npz,1732711761700.npz,1732711761800.npz,1732711761900.npz,1732711762000.npz,1732711762100.npz,1732711762200.npz,1732711762300.npz,1732711762400.npz,1732711762500.npz,1732711762600.npz,1732711762700.npz,1732711762800.npz,1732711762900.npz,1732711763000.npz,1732711763100.npz,1732711763200.npz,1732711763300.npz,1732711763400.npz,1732711763500.npz,1732711763600.npz,1732711763700.npz,1732711763800.npz,1732711763900.npz,1732711764000.npz,1732711764100.npz,1732711764200.npz,1732711764300.npz,1732711764400.npz,1732711764500.npz,1732711764600.npz,1732711764700.npz,1732711764800.npz,1732711764900.npz,1732711765000.npz,1732711765100.npz,1732711765200.npz,1732711765300.npz,1732711765400.npz,1732711765500.npz,1732711765600.npz,1732711765700.npz,1732711765800.npz,1732711765900.npz,1732711766000.npz,1732711766100.npz,1732711766200.npz,1732711766300.npz,1732711766400.npz,1732711766500.npz,1732711766600.npz,1732711766700.npz,1732711766800.npz,1732711766900.npz,1732711767000.npz,1732711767100.npz,1732711767200.npz,1732711767300.npz,1732711767400.npz,1732711767500.npz,1732711767600.npz,1732711767700.npz,1732711767800.npz,1732711767900.npz,1732711768000.npz,1732711768100.npz,1732711768200.npz,1732711768300.npz,1732711768400.npz,1732711768500.npz,1732711768600.npz,1732711768700.npz,1732711768800.npz,1732711768900.npz,1732711769000.npz,1732711769100.npz,1732711769200.npz,1732711769300.npz,1732711769400.npz,1732711769500.npz,1732711769600.npz,1732711769700.npz,1732711769800.npz,1732711769900.npz,1732711770000.npz,1732711770100.npz,1732711770200.npz,1732711770300.npz,1732711770400.npz,1732711770500.npz,1732711770600.npz,1732711770700.npz,1732711770800.npz,1732711770900.npz
vehicle1_middle_lidar,1732711751000.npz,1732711751100.npz,1732711751200.npz,1732711751300.npz,1732711751400.npz,1732711751500.npz,1732711751600.npz,1732711751700.npz,1732711751800.npz,1732711751900.npz,1732711752000.npz,1732711752100.npz,1732711752200.npz,1732711752300.npz,1732711752400.npz,1732711752500.npz,1732711752600.npz,1732711752700.npz,1732711752800.npz,1732711752900.npz,1732711753000.npz,1732711753100.npz,1732711753200.npz,1732711753300.npz,1732711753400.npz,1732711753500.npz,1732711753600.npz,1732711753700.npz,1732711753800.npz,1732711753900.npz,1732711754000.npz,1732711754100.npz,1732711754200.npz,1732711754300.npz,1732711754400.npz,1732711754500.npz,1732711754600.npz,1732711754700.npz,1732711754800.npz,1732711754900.npz,1732711755000.npz,1732711755100.npz,1732711755200.npz,1732711755300.npz,1732711755400.npz,1732711755500.npz,1732711755600.npz,1732711755700.npz,1732711755800.npz,1732711755900.npz,1732711756000.npz,1732711756100.npz,1732711756200.npz,1732711756300.npz,1732711756400.npz,1732711756500.npz,1732711756600.npz,1732711756700.npz,1732711756800.npz,1732711756900.npz,1732711757000.npz,1732711757100.npz,1732711757200.npz,1732711757300.npz,1732711757400.npz,1732711757500.npz,1732711757600.npz,1732711757700.npz,1732711757800.npz,1732711757900.npz,1732711758000.npz,1732711758100.npz,1732711758200.npz,1732711758300.npz,1732711758400.npz,1732711758500.npz,1732711758600.npz,1732711758700.npz,1732711758800.npz,1732711758900.npz,1732711759000.npz,1732711759100.npz,1732711759200.npz,1732711759300.npz,1732711759400.npz,1732711759500.npz,1732711759600.npz,1732711759700.npz,1732711759800.npz,1732711759900.npz,1732711760000.npz,1732711760100.npz,1732711760200.npz,1732711760300.npz,1732711760400.npz,1732711760500.npz,1732711760600.npz,1732711760700.npz,1732711760800.npz,1732711760900.npz,1732711761000.npz,1732711761100.npz,1732711761200.npz,1732711761300.npz,1732711761400.npz,1732711761500.npz,1732711761600.npz,1732711761700.npz,1732711761800.npz,1732711761900.npz,1732711762000.npz,1732711762100.npz,1732711762200.npz,1732711762300.npz,1732711762400.npz,1732711762500.npz,1732711762600.npz,1732711762700.npz,1732711762800.npz,1732711762900.npz,1732711763000.npz,1732711763100.npz,1732711763200.npz,1732711763300.npz,1732711763400.npz,1732711763500.npz,1732711763600.npz,1732711763700.npz,1732711763800.npz,1732711763900.npz,1732711764000.npz,1732711764100.npz,1732711764200.npz,1732711764300.npz,1732711764400.npz,1732711764500.npz,1732711764600.npz,1732711764700.npz,1732711764800.npz,1732711764900.npz,1732711765000.npz,1732711765100.npz,1732711765200.npz,1732711765300.npz,1732711765400.npz,1732711765500.npz,1732711765600.npz,1732711765700.npz,1732711765800.npz,1732711765900.npz,1732711766000.npz,1732711766100.npz,1732711766200.npz,1732711766300.npz,1732711766400.npz,1732711766500.npz,1732711766600.npz,1732711766700.npz,1732711766800.npz,1732711766900.npz,1732711767000.npz,1732711767100.npz,1732711767200.npz,1732711767300.npz,1732711767400.npz,1732711767500.npz,1732711767600.npz,1732711767700.npz,1732711767800.npz,1732711767900.npz,1732711768000.npz,1732711768100.npz,1732711768200.npz,1732711768300.npz,1732711768400.npz,1732711768500.npz,1732711768600.npz,1732711768700.npz,1732711768800.npz,1732711768900.npz,1732711769000.npz,1732711769100.npz,1732711769200.npz,1732711769300.npz,1732711769400.npz,1732711769500.npz,1732711769600.npz,1732711769700.npz,1732711769800.npz,1732711769900.npz,1732711770000.npz,1732711770100.npz,1732711770200.npz,1732711770300.npz,1732711770400.npz,1732711770500.npz,1732711770600.npz,1732711770700.npz,1732711770800.npz,1732711770900.npz
vehicle2_middle_lidar,1732711751000.npz,1732711751100.npz,1732711751200.npz,1732711751300.npz,1732711751400.npz,1732711751500.npz,1732711751600.npz,1732711751700.npz,1732711751800.npz,1732711751900.npz,1732711752000.npz,1732711752100.npz,1732711752200.npz,1732711752300.npz,1732711752400.npz,1732711752500.npz,1732711752600.npz,1732711752700.npz,1732711752800.npz,1732711752900.npz,1732711753000.npz,1732711753100.npz,1732711753200.npz,1732711753300.npz,1732711753400.npz,1732711753500.npz,1732711753600.npz,1732711753700.npz,1732711753800.npz,1732711753900.npz,1732711754000.npz,1732711754100.npz,1732711754200.npz,1732711754300.npz,1732711754400.npz,1732711754500.npz,1732711754600.npz,1732711754700.npz,1732711754800.npz,1732711754900.npz,1732711755000.npz,1732711755100.npz,1732711755200.npz,1732711755300.npz,1732711755400.npz,1732711755500.npz,1732711755600.npz,1732711755700.npz,1732711755800.npz,1732711755900.npz,1732711756000.npz,1732711756100.npz,1732711756200.npz,1732711756300.npz,1732711756400.npz,1732711756500.npz,1732711756600.npz,1732711756700.npz,1732711756800.npz,1732711756900.npz,1732711757000.npz,1732711757100.npz,1732711757200.npz,1732711757300.npz,1732711757400.npz,1732711757500.npz,1732711757600.npz,1732711757700.npz,1732711757800.npz,1732711757900.npz,1732711758000.npz,1732711758100.npz,1732711758200.npz,1732711758300.npz,1732711758400.npz,1732711758500.npz,1732711758600.npz,1732711758700.npz,1732711758800.npz,1732711758900.npz,1732711759000.npz,1732711759100.npz,1732711759200.npz,1732711759300.npz,1732711759400.npz,1732711759500.npz,1732711759600.npz,1732711759700.npz,1732711759800.npz,1732711759900.npz,1732711760000.npz,1732711760100.npz,1732711760200.npz,1732711760300.npz,1732711760400.npz,1732711760500.npz,1732711760600.npz,1732711760700.npz,1732711760800.npz,1732711760900.npz,1732711761000.npz,1732711761100.npz,1732711761200.npz,1732711761300.npz,1732711761400.npz,1732711761500.npz,1732711761600.npz,1732711761700.npz,1732711761800.npz,1732711761900.npz,1732711762000.npz,1732711762100.npz,1732711762200.npz,1732711762300.npz,1732711762400.npz,1732711762500.npz,1732711762600.npz,1732711762700.npz,1732711762800.npz,1732711762900.npz,1732711763000.npz,1732711763100.npz,1732711763200.npz,1732711763300.npz,1732711763400.npz,1732711763500.npz,1732711763600.npz,1732711763700.npz,1732711763800.npz,1732711763900.npz,1732711764000.npz,1732711764100.npz,1732711764200.npz,1732711764300.npz,1732711764400.npz,1732711764500.npz,1732711764600.npz,1732711764700.npz,1732711764800.npz,1732711764900.npz,1732711765000.npz,1732711765100.npz,1732711765200.npz,1732711765300.npz,1732711765400.npz,1732711765500.npz,1732711765600.npz,1732711765700.npz,1732711765800.npz,1732711765900.npz,1732711766000.npz,1732711766100.npz,1732711766200.npz,1732711766300.npz,1732711766400.npz,1732711766500.npz,1732711766600.npz,1732711766700.npz,1732711766800.npz,1732711766900.npz,1732711767000.npz,1732711767100.npz,1732711767200.npz,1732711767300.npz,1732711767400.npz,1732711767500.npz,1732711767600.npz,1732711767700.npz,1732711767800.npz,1732711767900.npz,1732711768000.npz,1732711768100.npz,1732711768200.npz,1732711768300.npz,1732711768400.npz,1732711768500.npz,1732711768600.npz,1732711768700.npz,1732711768800.npz,1732711768900.npz,1732711769000.npz,1732711769100.npz,1732711769200.npz,1732711769300.npz,1732711769400.npz,1732711769500.npz,1732711769600.npz,1732711769700.npz,1732711769800.npz,1732711769900.npz,1732711770000.npz,1732711770100.npz,1732711770200.npz,1732711770300.npz,1732711770400.npz,1732711770500.npz,1732711770600.npz,1732711770700.npz,1732711770800.npz,1732711770900.npz
vehicle1_state,1732711751000.json,1732711751100.json,1732711751200.json,1732711751300.json,1732711751400.json,1732711751500.json,1732711751600.json,1732711751700.json,1732711751800.json,1732711751900.json,1732711752000.json,1732711752100.json,1732711752200.json,1732711752300.json,1732711752400.json,1732711752500.json,1732711752600.json,1732711752700.json,1732711752800.json,1732711752900.json,1732711753000.json,1732711753100.json,1732711753200.json,1732711753300.json,1732711753400.json,1732711753500.json,1732711753600.json,1732711753700.json,1732711753800.json,1732711753900.json,1732711754000.json,1732711754100.json,1732711754200.json,1732711754300.json,1732711754400.json,1732711754500.json,1732711754600.json,1732711754700.json,1732711754800.json,1732711754900.json,1732711755000.json,1732711755100.json,1732711755200.json,1732711755300.json,1732711755400.json,1732711755500.json,1732711755600.json,1732711755700.json,1732711755800.json,1732711755900.json,1732711756000.json,1732711756100.json,1732711756200.json,1732711756300.json,1732711756400.json,1732711756500.json,1732711756600.json,1732711756700.json,1732711756800.json,1732711756900.json,1732711757000.json,1732711757100.json,1732711757200.json,1732711757300.json,1732711757400.json,1732711757500.json,1732711757600.json,1732711757700.json,1732711757800.json,1732711757900.json,1732711758000.json,1732711758100.json,1732711758200.json,1732711758300.json,1732711758400.json,1732711758500.json,1732711758600.json,1732711758700.json,1732711758800.json,1732711758900.json,1732711759000.json,1732711759100.json,1732711759200.json,1732711759300.json,1732711759400.json,1732711759500.json,1732711759600.json,1732711759700.json,1732711759800.json,1732711759900.json,1732711760000.json,1732711760100.json,1732711760200.json,1732711760300.json,1732711760400.json,1732711760500.json,1732711760600.json,1732711760700.json,1732711760800.json,1732711760900.json,1732711761000.json,1732711761100.json,1732711761200.json,1732711761300.json,1732711761400.json,1732711761500.json,1732711761600.json,1732711761700.json,1732711761800.json,1732711761900.json,1732711762000.json,1732711762100.json,1732711762200.json,1732711762300.json,1732711762400.json,1732711762500.json,1732711762600.json,1732711762700.json,1732711762800.json,1732711762900.json,1732711763000.json,1732711763100.json,1732711763200.json,1732711763300.json,1732711763400.json,1732711763500.json,1732711763600.json,1732711763700.json,1732711763800.json,1732711763900.json,1732711764000.json,1732711764100.json,1732711764200.json,1732711764300.json,1732711764400.json,1732711764500.json,1732711764600.json,1732711764700.json,1732711764800.json,1732711764900.json,1732711765000.json,1732711765100.json,1732711765200.json,1732711765300.json,1732711765400.json,1732711765500.json,1732711765600.json,1732711765700.json,1732711765800.json,1732711765900.json,1732711766000.json,1732711766100.json,1732711766200.json,1732711766300.json,1732711766400.json,1732711766500.json,1732711766600.json,1732711766700.json,1732711766800.json,1732711766900.json,1732711767000.json,1732711767100.json,1732711767200.json,1732711767300.json,1732711767400.json,1732711767500.json,1732711767600.json,1732711767700.json,1732711767800.json,1732711767900.json,1732711768000.json,1732711768100.json,1732711768200.json,1732711768300.json,1732711768400.json,1732711768500.json,1732711768600.json,1732711768700.json,1732711768800.json,1732711768900.json,1732711769000.json,1732711769100.json,1732711769200.json,1732711769300.json,1732711769400.json,1732711769500.json,1732711769600.json,1732711769700.json,1732711769800.json,1732711769900.json,1732711770000.json,1732711770100.json,1732711770200.json,1732711770300.json,1732711770400.json,1732711770500.json,1732711770600.json,1732711770700.json,1732711770800.json,1732711770900.json
vehicle2_state,1732711751000.json,1732711751100.json,1732711751200.json,1732711751300.json,1732711751400.json,1732711751500.json,1732711751600.json,1732711751700.json,1732711751800.json,1732711751900.json,1732711752000.json,1732711752100.json,1732711752200.json,1732711752300.json,1732711752400.json,1732711752500.json,1732711752600.json,1732711752700.json,1732711752800.json,1732711752900.json,1732711753000.json,1732711753100.json,1732711753200.json,1732711753300.json,1732711753400.json,1732711753500.json,1732711753600.json,1732711753700.json,1732711753800.json,1732711753900.json,1732711754000.json,1732711754100.json,1732711754200.json,1732711754300.json,1732711754400.json,1732711754500.json,1732711754600.json,1732711754700.json,1732711754800.json,1732711754900.json,1732711755000.json,1732711755100.json,1732711755200.json,1732711755300.json,1732711755400.json,1732711755500.json,1732711755600.json,1732711755700.json,1732711755800.json,1732711755900.json,1732711756000.json,1732711756100.json,1732711756200.json,1732711756300.json,1732711756400.json,1732711756500.json,1732711756600.json,1732711756700.json,1732711756800.json,1732711756900.json,1732711757000.json,1732711757100.json,1732711757200.json,1732711757300.json,1732711757400.json,1732711757500.json,1732711757600.json,1732711757700.json,1732711757800.json,1732711757900.json,1732711758000.json,1732711758100.json,1732711758200.json,1732711758300.json,1732711758400.json,1732711758500.json,1732711758600.json,1732711758700.json,1732711758800.json,1732711758900.json,1732711759000.json,1732711759100.json,1732711759200.json,1732711759300.json,1732711759400.json,1732711759500.json,1732711759600.json,1732711759700.json,1732711759800.json,1732711759900.json,1732711760000.json,1732711760100.json,1732711760200.json,1732711760300.json,1732711760400.json,1732711760500.json,1732711760600.json,1732711760700.json,1732711760800.json,1732711760900.json,1732711761000.json,1732711761100.json,1732711761200.json,1732711761300.json,1732711761400.json,1732711761500.json,1732711761600.json,1732711761700.json,1732711761800.json,1732711761900.json,1732711762000.json,1732711762100.json,1732711762200.json,1732711762300.json,1732711762400.json,1732711762500.json,1732711762600.json,1732711762700.json,1732711762800.json,1732711762900.json,1732711763000.json,1732711763100.json,1732711763200.json,1732711763300.json,1732711763400.json,1732711763500.json,1732711763600.json,1732711763700.json,1732711763800.json,1732711763900.json,1732711764000.json,1732711764100.json,1732711764200.json,1732711764300.json,1732711764400.json,1732711764500.json,1732711764600.json,1732711764700.json,1732711764800.json,1732711764900.json,1732711765000.json,1732711765100.json,1732711765200.json,1732711765300.json,1732711765400.json,1732711765500.json,1732711765600.json,1732711765700.json,1732711765800.json,1732711765900.json,1732711766000.json,1732711766100.json,1732711766200.json,1732711766300.json,1732711766400.json,1732711766500.json,1732711766600.json,1732711766700.json,1732711766800.json,1732711766900.json,1732711767000.json,1732711767100.json,1732711767200.json,1732711767300.json,1732711767400.json,1732711767500.json,1732711767600.json,1732711767700.json,1732711767800.json,1732711767900.json,1732711768000.json,1732711768100.json,1732711768200.json,1732711768300.json,1732711768400.json,1732711768500.json,1732711768600.json,1732711768700.json,1732711768800.json,1732711768900.json,1732711769000.json,1732711769100.json,1732711769200.json,1732711769300.json,1732711769400.json,1732711769500.json,1732711769600.json,1732711769700.json,1732711769800.json,1732711769900.json,1732711770000.json,1732711770100.json,1732711770200.json,1732711770300.json,1732711770400.json,1732711770500.json,1732711770600.json,1732711770700.json,1732711770800.json,1732711770900.json
